class,particle,family_pdgid,multiplet_pdgids,member_index,mcid,charge_e,I,J,P,C,mass_MeV,error_plus_MeV,error_minus_MeV,error_stat_MeV,error_syst_MeV,error_ext_MeV,selected_mass_pdgid,n_mass_values,mass_pdgids,pdg_display,value_types,observed,charge_evidence,edition,retrieved,data_status,source_url
light isovector,pi-,S008,S008;S009,1,-211,-1,1,0,-,,139.570391,0.00018200716,0.00018200716,,,,S008M,1,S008M,139.57039+-0.00018,FC,true,PDG charge-tagged measurement; charge-specific PDG property,2026,2026-09-19,PDG 2026,https://pdglive.lbl.gov/Particle.action?node=S008
light isovector,pi0,S009,S008;S009,2,111,0,1,0,-,,134.976828,0.000485679282,0.000485679282,,,,S009M,1,S009M,134.9768+-0.0005,FC,true,PDG charge-tagged measurement; charge-specific PDG property; exclusive decay S009.1; exclusive decay S009.11; exclusive decay S009.12; exclusive decay S009.13; exclusive decay S009.14; exclusive decay S009.2; exclusive decay S009.22; exclusive decay S009.3; exclusive decay S009.4; exclusive decay S009.5; exclusive decay S009.6,2026,2026-09-19,PDG 2026,https://pdglive.lbl.gov/Particle.action?node=S008
light isovector,pi+,S008,S008;S009,3,211,1,1,0,-,,139.570391,0.00018200716,0.00018200716,,,,S008M,1,S008M,139.57039+-0.00018,FC,true,PDG charge-tagged measurement; charge-specific PDG property; exclusive decay S008.1; exclusive decay S008.2; exclusive decay S008.3; exclusive decay S008.4; exclusive decay S008.5; exclusive decay S008.6; exclusive decay S008.7; exclusive decay S008.8,2026,2026-09-19,PDG 2026,https://pdglive.lbl.gov/Particle.action?node=S008
light isoscalar,eta,S014,S014,1,221,0,0,0,-,+,547.861871,0.0173342137,0.0173342137,,,,S014M,1,S014M,547.862+-0.017,AC,true,PDG charge-tagged measurement; exclusive decay S014.1; exclusive decay S014.10; exclusive decay S014.103; exclusive decay S014.104; exclusive decay S014.105; exclusive decay S014.106; exclusive decay S014.109; exclusive decay S014.11; exclusive decay S014.110; exclusive decay S014.111; exclusive decay S014.12; exclusive decay S014.13; exclusive decay S014.14; exclusive decay S014.15; exclusive decay S014.16; exclusive decay S014.17; exclusive decay S014.18; exclusive decay S014.2; exclusive decay S014.21; exclusive decay S014.24; exclusive decay S014.25; exclusive decay S014.3; exclusive decay S014.4; exclusive decay S014.5; exclusive decay S014.7; exclusive decay S014.8,2026,2026-09-19,PDG 2026,https://pdglive.lbl.gov/Particle.action?node=S014
light isoscalar,f_0(600)0,M014,M014,1,9000221,0,0,0,+,+,600,0,0,,,,M014-PLOT,1,M014-PLOT,600 (plot reference),REFERENCE,true,exclusive decay M014.5,2026,2026-09-19,manual broad-scalar plotting reference,https://pdglive.lbl.gov/Particle.action?node=M014
light isovector,rho(770)-,M009,M009,1,-213,-1,1,1,-,-,775.261156,0.234291875,0.234291875,,,,M009M0,6,M009M0;M009M0P;M009M0R;M009M2;M009M5;M009M7,775.26+-0.23 | 769.6+-0.8 | 769.0+-0.9 | 766.5+-1.1 | 775.11+-0.34 | 763.0+-1.2,AC,true,PDG charge-tagged measurement; PDG charged-only property,2026,2026-09-19,PDG 2026,https://pdglive.lbl.gov/Particle.action?node=M009
light isovector,rho(770)0,M009,M009,2,113,0,1,1,-,-,775.261156,0.234291875,0.234291875,,,,M009M0,6,M009M0;M009M0P;M009M0R;M009M2;M009M5;M009M7,775.26+-0.23 | 769.6+-0.8 | 769.0+-0.9 | 766.5+-1.1 | 775.11+-0.34 | 763.0+-1.2,AC,true,PDG charge-tagged measurement; PDG neutral-only property; exclusive decay M009.10; exclusive decay M009.12; exclusive decay M009.22; exclusive decay M009.30; exclusive decay M009.4; exclusive decay M009.40; exclusive decay M009.6; exclusive decay M009.60; exclusive decay M009.7; exclusive decay M009.8; exclusive decay M009.80; exclusive decay M009.9,2026,2026-09-19,PDG 2026,https://pdglive.lbl.gov/Particle.action?node=M009
light isovector,rho(770)+,M009,M009,3,213,1,1,1,-,-,775.261156,0.234291875,0.234291875,,,,M009M0,6,M009M0;M009M0P;M009M0R;M009M2;M009M5;M009M7,775.26+-0.23 | 769.6+-0.8 | 769.0+-0.9 | 766.5+-1.1 | 775.11+-0.34 | 763.0+-1.2,AC,true,PDG charge-tagged measurement; PDG charged-only property,2026,2026-09-19,PDG 2026,https://pdglive.lbl.gov/Particle.action?node=M009
light isoscalar,omega(782)0,M001,M001,1,223,0,0,1,-,-,782.655724,0.129012689,0.128997046,,,,M001M,1,M001M,782.66+-0.13,AC,true,exclusive decay M001.1; exclusive decay M001.10; exclusive decay M001.11; exclusive decay M001.12; exclusive decay M001.14; exclusive decay M001.15; exclusive decay M001.16; exclusive decay M001.17; exclusive decay M001.18; exclusive decay M001.193; exclusive decay M001.195; exclusive decay M001.2; exclusive decay M001.3; exclusive decay M001.4; exclusive decay M001.5; exclusive decay M001.6; exclusive decay M001.7; exclusive decay M001.8; exclusive decay M001.9,2026,2026-09-19,PDG 2026,https://pdglive.lbl.gov/Particle.action?node=M001
light isoscalar,eta^'(958)0,M002,M002,1,331,0,0,0,-,+,957.783764,0.0626315068,0.0626315068,,,,M002M,1,M002M,957.78+-0.06,AC,true,PDG charge-tagged measurement; exclusive decay M002.1; exclusive decay M002.10; exclusive decay M002.111; exclusive decay M002.121; exclusive decay M002.131; exclusive decay M002.141; exclusive decay M002.15; exclusive decay M002.150; exclusive decay M002.16; exclusive decay M002.17; exclusive decay M002.18; exclusive decay M002.2; exclusive decay M002.20; exclusive decay M002.201; exclusive decay M002.202; exclusive decay M002.203; exclusive decay M002.205; exclusive decay M002.21; exclusive decay M002.213; exclusive decay M002.214; exclusive decay M002.215; exclusive decay M002.219; exclusive decay M002.22; exclusive decay M002.220; exclusive decay M002.23; exclusive decay M002.24; exclusive decay M002.25; exclusive decay M002.26; exclusive decay M002.28; exclusive decay M002.6; exclusive decay M002.7; exclusive decay M002.8,2026,2026-09-19,PDG 2026,https://pdglive.lbl.gov/Particle.action?node=M002
light isoscalar,f_0(980)0,M003,M003,1,9010221,0,0,0,+,+,990,20,20,,,,M003M1,1,M003M1,990+-20,E,true,exclusive decay M003.4; exclusive decay M003.5,2026,2026-09-19,PDG 2026,https://pdglive.lbl.gov/Particle.action?node=M003
light isovector,a_0(980)-,M036,M036,1,-9000211,-1,1,0,+,+,980,20,20,,,,M036MX,1,M036MX,980+-20,E,true,PDG charge-tagged measurement,2026,2026-09-19,PDG 2026,https://pdglive.lbl.gov/Particle.action?node=M036
light isovector,a_0(980)0,M036,M036,2,9000111,0,1,0,+,+,980,20,20,,,,M036MX,1,M036MX,980+-20,E,true,PDG charge-tagged measurement; exclusive decay M036.5; exclusive decay M036.6,2026,2026-09-19,PDG 2026,https://pdglive.lbl.gov/Particle.action?node=M036
light isovector,a_0(980)+,M036,M036,3,9000211,1,1,0,+,+,980,20,20,,,,M036MX,1,M036MX,980+-20,E,true,PDG charge-tagged measurement,2026,2026-09-19,PDG 2026,https://pdglive.lbl.gov/Particle.action?node=M036
light isoscalar,phi(1020)0,M004,M004,1,333,0,0,1,-,-,1019.45975,0.0155652966,0.0155652966,,,,M004M,1,M004M,1019.460+-0.016,AC,true,exclusive decay M004.1; exclusive decay M004.10; exclusive decay M004.14; exclusive decay M004.15; exclusive decay M004.17; exclusive decay M004.19; exclusive decay M004.195; exclusive decay M004.196; exclusive decay M004.21; exclusive decay M004.22; exclusive decay M004.25; exclusive decay M004.255; exclusive decay M004.257; exclusive decay M004.26; exclusive decay M004.261; exclusive decay M004.3; exclusive decay M004.4; exclusive decay M004.5; exclusive decay M004.6; exclusive decay M004.7; exclusive decay M004.8; exclusive decay M004.9,2026,2026-09-19,PDG 2026,https://pdglive.lbl.gov/Particle.action?node=M004
light isoscalar,h_1(1170)0,M030,M030,1,10223,0,0,1,+,-,1166,5.83095189,5.83095189,,,,M030M,1,M030M,1166+-6,AC,true,PDG charge-tagged measurement,2026,2026-09-19,PDG 2026,https://pdglive.lbl.gov/Particle.action?node=M030
light isovector,b_1(1235)-,M011,M011,1,-10213,-1,1,1,+,-,1229.48345,3.1691613,3.1691613,,,,M011M,1,M011M,1229.5+-3.2,AC,true,PDG charge-tagged measurement,2026,2026-09-19,PDG 2026,https://pdglive.lbl.gov/Particle.action?node=M011
light isovector,b_1(1235)0,M011,M011,2,10113,0,1,1,+,-,1229.48345,3.1691613,3.1691613,,,,M011M,1,M011M,1229.5+-3.2,AC,true,PDG charge-tagged measurement; exclusive decay M011.71,2026,2026-09-19,PDG 2026,https://pdglive.lbl.gov/Particle.action?node=M011
light isovector,b_1(1235)+,M011,M011,3,10213,1,1,1,+,-,1229.48345,3.1691613,3.1691613,,,,M011M,1,M011M,1229.5+-3.2,AC,true,PDG charge-tagged measurement; exclusive decay M011.2,2026,2026-09-19,PDG 2026,https://pdglive.lbl.gov/Particle.action?node=M011
light isovector,a_1(1260)-,M010,M010,1,-20213,-1,1,1,+,+,1230,40,40,,,,M010M,1,M010M,1230+-40,E,false,,2026,2026-09-19,PDG 2026,https://pdglive.lbl.gov/Particle.action?node=M010
light isovector,a_1(1260)0,M010,M010,2,20113,0,1,1,+,+,1230,40,40,,,,M010M,1,M010M,1230+-40,E,true,exclusive decay M010.22; exclusive decay M010.23,2026,2026-09-19,PDG 2026,https://pdglive.lbl.gov/Particle.action?node=M010
light isovector,a_1(1260)+,M010,M010,3,20213,1,1,1,+,+,1230,40,40,,,,M010M,1,M010M,1230+-40,E,false,,2026,2026-09-19,PDG 2026,https://pdglive.lbl.gov/Particle.action?node=M010
light isoscalar,f_2(1270)0,M005,M005,1,225,0,0,2,+,+,1275.41205,0.832261608,0.832437201,,,,M005M,1,M005M,1275.4+-0.8,AC,true,exclusive decay M005.10; exclusive decay M005.2; exclusive decay M005.3; exclusive decay M005.7; exclusive decay M005.8; exclusive decay M005.9,2026,2026-09-19,PDG 2026,https://pdglive.lbl.gov/Particle.action?node=M005
light isoscalar,f_1(1285)0,M008,M008,1,20223,0,0,1,+,+,1281.84144,0.457402516,0.450011003,,,,M008M,1,M008M,1281.8+-0.5,AC,true,exclusive decay M008.10; exclusive decay M008.13; exclusive decay M008.191; exclusive decay M008.197; exclusive decay M008.198; exclusive decay M008.20; exclusive decay M008.200; exclusive decay M008.22; exclusive decay M008.23; exclusive decay M008.7; exclusive decay M008.8,2026,2026-09-19,PDG 2026,https://pdglive.lbl.gov/Particle.action?node=M008
light isoscalar,eta(1295)0,M037,M037,1,100221,0,0,0,-,+,1293.71013,3.89211011,3.89211011,,,,M037M,1,M037M,1294+-4,AC,true,exclusive decay M037.2; exclusive decay M037.3; exclusive decay M037.4,2026,2026-09-19,PDG 2026,https://pdglive.lbl.gov/Particle.action?node=M037
light isovector,pi(1300)-,M058,M058,1,-100211,-1,1,0,-,+,1300,100,100,,,,M058M,1,M058M,1300+-100,E,false,,2026,2026-09-19,PDG 2026,https://pdglive.lbl.gov/Particle.action?node=M058
light isovector,pi(1300)0,M058,M058,2,100111,0,1,0,-,+,1300,100,100,,,,M058M,1,M058M,1300+-100,E,true,exclusive decay M058.4,2026,2026-09-19,PDG 2026,https://pdglive.lbl.gov/Particle.action?node=M058
light isovector,pi(1300)+,M058,M058,3,100211,1,1,0,-,+,1300,100,100,,,,M058M,1,M058M,1300+-100,E,false,,2026,2026-09-19,PDG 2026,https://pdglive.lbl.gov/Particle.action?node=M058
light isovector,a_2(1320)-,M012,M012,1,-215,-1,1,2,+,+,1318.20293,0.609201869,0.606992924,,,,M012M0,5,M012M0;M012M1;M012M2;M012M3;M012M4,1318.2+-0.6 | 1318.6+-1.3 | 1318.1+-0.7 | 1317.7+-1.4 | 1322+-7,AC,true,PDG charge-tagged measurement,2026,2026-09-19,PDG 2026,https://pdglive.lbl.gov/Particle.action?node=M012
light isovector,a_2(1320)0,M012,M012,2,115,0,1,2,+,+,1318.20293,0.609201869,0.606992924,,,,M012M0,5,M012M0;M012M1;M012M2;M012M3;M012M4,1318.2+-0.6 | 1318.6+-1.3 | 1318.1+-0.7 | 1317.7+-1.4 | 1322+-7,AC,true,PDG charge-tagged measurement; exclusive decay M012.10; exclusive decay M012.9,2026,2026-09-19,PDG 2026,https://pdglive.lbl.gov/Particle.action?node=M012
light isovector,a_2(1320)+,M012,M012,3,215,1,1,2,+,+,1318.20293,0.609201869,0.606992924,,,,M012M0,5,M012M0;M012M1;M012M2;M012M3;M012M4,1318.2+-0.6 | 1318.6+-1.3 | 1318.1+-0.7 | 1317.7+-1.4 | 1322+-7,AC,true,PDG charge-tagged measurement,2026,2026-09-19,PDG 2026,https://pdglive.lbl.gov/Particle.action?node=M012
light isoscalar,f_0(1370)0,M147,M147,1,10221,0,0,0,+,+,,,,,,,,0,,,,true,exclusive decay M147.12; exclusive decay M147.13; exclusive decay M147.2; exclusive decay M147.20; exclusive decay M147.4; exclusive decay M147.5; exclusive decay M147.6,2026,2026-09-19,PDG 2026,https://pdglive.lbl.gov/Particle.action?node=M147
light isovector,pi_1(1400)-,M111,M111,1,-9000213,-1,1,1,-,+,,,,,,,,0,,,,false,,2026,2026-09-19,PDG 2026,https://pdglive.lbl.gov/Particle.action?node=M111
light isovector,pi_1(1400)0,M111,M111,2,9000113,0,1,1,-,+,,,,,,,,0,,,,false,,2026,2026-09-19,PDG 2026,https://pdglive.lbl.gov/Particle.action?node=M111
light isovector,pi_1(1400)+,M111,M111,3,9000213,1,1,1,-,+,,,,,,,,0,,,,false,,2026,2026-09-19,PDG 2026,https://pdglive.lbl.gov/Particle.action?node=M111
light isoscalar,eta(1405)0,M027,M027,1,9020221,0,0,0,-,+,1407.9609,1.8172746,1.23172854,,,,M027MX,5,M027MX;M027M1;M027M2;M027M4;M027M7,1408.0+1.8-1.2 | 1405.5+-2.3 | 1403+-17 | 1413.5+2.0-0.9 | 1422+6-8,AC,true,exclusive decay M027.13; exclusive decay M027.7; exclusive decay M027.8,2026,2026-09-19,PDG 2026,https://pdglive.lbl.gov/Particle.action?node=M027
light isoscalar,h_1(1415)0,M109,M109,1,10333,0,0,1,+,-,1409.06245,9.41940681,7.77622673,,,,M109M,1,M109M,1409+9-8,AC,true,,2026,2026-09-19,PDG 2026,https://pdglive.lbl.gov/Particle.action?node=M109
light isoscalar,f_1(1420)0,M006,M006,1,20333,0,0,1,+,+,1427.70789,1.6692868,1.43732299,,,,M006M2,1,M006M2,1427.7+1.7-1.4,AC,true,exclusive decay M006.8; exclusive decay M006.9,2026,2026-09-19,PDG 2026,https://pdglive.lbl.gov/Particle.action?node=M006
light isoscalar,omega(1420)0,M125,M125,1,100223,0,0,1,-,-,1410,60,60,,,,M125M,1,M125M,1410+-60,E,true,exclusive decay M125.3; exclusive decay M125.6; exclusive decay M125.7,2026,2026-09-19,PDG 2026,https://pdglive.lbl.gov/Particle.action?node=M125
light isoscalar,f_2(1430)0,M066,M066,1,9000225,0,0,2,+,+,1430,,,,,,M066M1,1,M066M1,~1430,E,true,,2026,2026-09-19,PDG 2026,https://pdglive.lbl.gov/Particle.action?node=M066
light isovector,a_0(1450)-,M149,M149,1,-10211,-1,1,0,+,+,1438.68852,34.4262301,34.4262301,,,,M149M,1,M149M,1439+-34,AC,false,,2026,2026-09-19,PDG 2026,https://pdglive.lbl.gov/Particle.action?node=M149
light isovector,a_0(1450)0,M149,M149,2,10111,0,1,0,+,+,1438.68852,34.4262301,34.4262301,,,,M149M,1,M149M,1439+-34,AC,true,PDG charge-tagged measurement; exclusive decay M149.6,2026,2026-09-19,PDG 2026,https://pdglive.lbl.gov/Particle.action?node=M149
light isovector,a_0(1450)+,M149,M149,3,10211,1,1,0,+,+,1438.68852,34.4262301,34.4262301,,,,M149M,1,M149M,1439+-34,AC,false,,2026,2026-09-19,PDG 2026,https://pdglive.lbl.gov/Particle.action?node=M149
light isovector,rho(1450)-,M105,M105,1,-100213,-1,1,1,-,-,1465,25,25,,,,M105M0,1,M105M0,1465+-25,E,true,PDG charge-tagged measurement; charge-specific PDG property,2026,2026-09-19,PDG 2026,https://pdglive.lbl.gov/Particle.action?node=M105
light isovector,rho(1450)0,M105,M105,2,100113,0,1,1,-,-,1465,25,25,,,,M105M0,1,M105M0,1465+-25,E,true,exclusive decay M105.20; exclusive decay M105.21; exclusive decay M105.23; exclusive decay M105.4; exclusive decay M105.9,2026,2026-09-19,PDG 2026,https://pdglive.lbl.gov/Particle.action?node=M105
light isovector,rho(1450)+,M105,M105,3,100213,1,1,1,-,-,1465,25,25,,,,M105M0,1,M105M0,1465+-25,E,true,PDG charge-tagged measurement,2026,2026-09-19,PDG 2026,https://pdglive.lbl.gov/Particle.action?node=M105
light isoscalar,eta(1475)0,M175,M175,1,100331,0,0,0,-,+,1475.52834,3.92907503,4.01031273,,,,M175M5,1,M175M5,1476+-4,AC,true,exclusive decay M175.7,2026,2026-09-19,PDG 2026,https://pdglive.lbl.gov/Particle.action?node=M175
light isoscalar,f_0(1500)0,M152,M152,1,9030221,0,0,0,+,+,1522,25,25,,,,M152M,1,M152M,1522+-25,AC,true,exclusive decay M152.1; exclusive decay M152.10; exclusive decay M152.3; exclusive decay M152.5; exclusive decay M152.6; exclusive decay M152.9,2026,2026-09-19,PDG 2026,https://pdglive.lbl.gov/Particle.action?node=M152
light isoscalar,f_1(1510)0,M084,M084,1,9000223,0,0,1,+,+,1517.67313,5.21629534,5.21629534,,,,M084M,1,M084M,1518+-5,AC,true,exclusive decay M084.3,2026,2026-09-19,PDG 2026,https://pdglive.lbl.gov/Particle.action?node=M084
light isoscalar,f_2^'(1525)0,M013,M013,1,335,0,0,2,+,+,1517.30424,2.43466563,2.3241527,,,,M013MX,6,M013MX;M013M10;M013M2;M013M3;M013M4;M013M9,1517.3+-2.4 | 1512+-3.2 | 1518.0+-2.7 | 1514+-4 | 1515+-15 | 1512+-4,AC,true,exclusive decay M013.4; exclusive decay M013.7; exclusive decay M013.8; exclusive decay M013.9,2026,2026-09-19,PDG 2026,https://pdglive.lbl.gov/Particle.action?node=M013
light isoscalar,f_2(1565)0,M123,M123,1,9010225,0,0,2,+,+,1570.52486,13.3792946,13.3792946,,,,M123M,1,M123M,1571+-13,AC,true,exclusive decay M123.1; exclusive decay M123.10; exclusive decay M123.2; exclusive decay M123.3; exclusive decay M123.4; exclusive decay M123.5; exclusive decay M123.7,2026,2026-09-19,PDG 2026,https://pdglive.lbl.gov/Particle.action?node=M123
light isovector,rho(1570)-,M188,M188,1,,-1,1,1,-,-,1570,71.6937933,71.6937933,,,,M188M,1,M188M,1570+-70,AC,false,,2026,2026-09-19,PDG 2026,https://pdglive.lbl.gov/Particle.action?node=M188
light isovector,rho(1570)0,M188,M188,2,,0,1,1,-,-,1570,71.6937933,71.6937933,,,,M188M,1,M188M,1570+-70,AC,true,exclusive decay M188.1,2026,2026-09-19,PDG 2026,https://pdglive.lbl.gov/Particle.action?node=M188
light isovector,rho(1570)+,M188,M188,3,,1,1,1,-,-,1570,71.6937933,71.6937933,,,,M188M,1,M188M,1570+-70,AC,false,,2026,2026-09-19,PDG 2026,https://pdglive.lbl.gov/Particle.action?node=M188
light isoscalar,h_1(1595)0,M166,M166,1,9010223,0,0,1,+,-,1594,18.0277564,61.8465844,,,,M166M,1,M166M,1594+18-60,AC,true,exclusive decay M166.1,2026,2026-09-19,PDG 2026,https://pdglive.lbl.gov/Particle.action?node=M166
light isovector,pi_1(1600)-,M164,M164,1,-9010213,-1,1,1,-,+,1645.31896,39.7197562,16.5756799,,,,M164M,2,M164M;M164MEP,1645+40-17 | 1354+-25,AC,true,exclusive decay M164.2,2026,2026-09-19,PDG 2026,https://pdglive.lbl.gov/Particle.action?node=M164
light isovector,pi_1(1600)0,M164,M164,2,9010113,0,1,1,-,+,1645.31896,39.7197562,16.5756799,,,,M164M,2,M164M;M164MEP,1645+40-17 | 1354+-25,AC,true,PDG charge-tagged measurement,2026,2026-09-19,PDG 2026,https://pdglive.lbl.gov/Particle.action?node=M164
light isovector,pi_1(1600)+,M164,M164,3,9010213,1,1,1,-,+,1645.31896,39.7197562,16.5756799,,,,M164M,2,M164M;M164MEP,1645+40-17 | 1354+-25,AC,false,,2026,2026-09-19,PDG 2026,https://pdglive.lbl.gov/Particle.action?node=M164
light isovector,a_1(1640)-,M161,M161,1,-9020213,-1,1,1,+,+,1655.44336,15.6153625,16.7429048,,,,M161M,1,M161M,1655+-16,AC,false,,2026,2026-09-19,PDG 2026,https://pdglive.lbl.gov/Particle.action?node=M161
light isovector,a_1(1640)0,M161,M161,2,9020113,0,1,1,+,+,1655.44336,15.6153625,16.7429048,,,,M161M,1,M161M,1655+-16,AC,false,,2026,2026-09-19,PDG 2026,https://pdglive.lbl.gov/Particle.action?node=M161
light isovector,a_1(1640)+,M161,M161,3,9020213,1,1,1,+,+,1655.44336,15.6153625,16.7429048,,,,M161M,1,M161M,1655+-16,AC,false,,2026,2026-09-19,PDG 2026,https://pdglive.lbl.gov/Particle.action?node=M161
light isoscalar,f_2(1640)0,M117,M117,1,9020225,0,0,2,+,+,1639.16578,5.83137842,5.83137842,,,,M117M,1,M117M,1639+-6,AC,true,exclusive decay M117.1,2026,2026-09-19,PDG 2026,https://pdglive.lbl.gov/Particle.action?node=M117
light isoscalar,eta_2(1645)0,M154,M154,1,10225,0,0,2,-,+,1617.31857,5.2613148,5.2613148,,,,M154M,1,M154M,1617+-5,AC,true,PDG charge-tagged measurement; exclusive decay M154.4,2026,2026-09-19,PDG 2026,https://pdglive.lbl.gov/Particle.action?node=M154
light isoscalar,omega(1650)0,M126,M126,1,30223,0,0,1,-,-,1670,30,30,,,,M126M,1,M126M,1670+-30,E,true,exclusive decay M126.3; exclusive decay M126.4; exclusive decay M126.5,2026,2026-09-19,PDG 2026,https://pdglive.lbl.gov/Particle.action?node=M126
light isoscalar,omega_3(1670)0,M045,M045,1,227,0,0,3,-,-,1667.20575,3.99110561,3.99110561,,,,M045M,1,M045M,1667+-4,AC,true,,2026,2026-09-19,PDG 2026,https://pdglive.lbl.gov/Particle.action?node=M045
light isovector,pi_2(1670)-,M034,M034,1,-10215,-1,1,2,-,+,1670.62848,2.92487285,1.1987692,,,,M034M,1,M034M,1670.6+2.9-1.2,AC,true,PDG charge-tagged measurement,2026,2026-09-19,PDG 2026,https://pdglive.lbl.gov/Particle.action?node=M034
light isovector,pi_2(1670)0,M034,M034,2,10115,0,1,2,-,+,1670.62848,2.92487285,1.1987692,,,,M034M,1,M034M,1670.6+2.9-1.2,AC,true,PDG charge-tagged measurement; exclusive decay M034.12; exclusive decay M034.22; exclusive decay M034.23,2026,2026-09-19,PDG 2026,https://pdglive.lbl.gov/Particle.action?node=M034
light isovector,pi_2(1670)+,M034,M034,3,10215,1,1,2,-,+,1670.62848,2.92487285,1.1987692,,,,M034M,1,M034M,1670.6+2.9-1.2,AC,true,PDG charge-tagged measurement,2026,2026-09-19,PDG 2026,https://pdglive.lbl.gov/Particle.action?node=M034
light isoscalar,phi(1680)0,M067,M067,1,100333,0,0,1,-,-,1680,20,20,,,,M067M1,1,M067M1,1680+-20,E,true,exclusive decay M067.10; exclusive decay M067.12; exclusive decay M067.13; exclusive decay M067.2; exclusive decay M067.6,2026,2026-09-19,PDG 2026,https://pdglive.lbl.gov/Particle.action?node=M067
light isovector,rho_3(1690)-,M015,M015,1,-217,-1,1,3,-,-,1688.8024,2.09855167,2.09855167,,,,M015M,6,M015M;M015M1;M015M2;M015M3;M015M5;M015M6,1688.8+-2.1 | 1686+-4 | 1696+-4 | 1686+-5 | 1681+-7 | 1682+-12,AC,true,PDG charge-tagged measurement,2026,2026-09-19,PDG 2026,https://pdglive.lbl.gov/Particle.action?node=M015
light isovector,rho_3(1690)0,M015,M015,2,117,0,1,3,-,-,1688.8024,2.09855167,2.09855167,,,,M015M,6,M015M;M015M1;M015M2;M015M3;M015M5;M015M6,1688.8+-2.1 | 1686+-4 | 1696+-4 | 1686+-5 | 1681+-7 | 1682+-12,AC,true,PDG charge-tagged measurement; exclusive decay M015.13,2026,2026-09-19,PDG 2026,https://pdglive.lbl.gov/Particle.action?node=M015
light isovector,rho_3(1690)+,M015,M015,3,217,1,1,3,-,-,1688.8024,2.09855167,2.09855167,,,,M015M,6,M015M;M015M1;M015M2;M015M3;M015M5;M015M6,1688.8+-2.1 | 1686+-4 | 1696+-4 | 1686+-5 | 1681+-7 | 1682+-12,AC,true,PDG charge-tagged measurement,2026,2026-09-19,PDG 2026,https://pdglive.lbl.gov/Particle.action?node=M015
light isovector,rho(1700)-,M065,M065,1,-30213,-1,1,1,-,-,1720,20,20,,,,M065M0,1,M065M0,1720+-20,E,true,PDG charge-tagged measurement; charge-specific PDG property,2026,2026-09-19,PDG 2026,https://pdglive.lbl.gov/Particle.action?node=M065
light isovector,rho(1700)0,M065,M065,2,30113,0,1,1,-,-,1720,20,20,,,,M065M0,1,M065M0,1720+-20,E,true,PDG charge-tagged measurement; exclusive decay M065.1; exclusive decay M065.194; exclusive decay M065.2; exclusive decay M065.4; exclusive decay M065.6; exclusive decay M065.7; exclusive decay M065.8,2026,2026-09-19,PDG 2026,https://pdglive.lbl.gov/Particle.action?node=M065
light isovector,rho(1700)+,M065,M065,3,30213,1,1,1,-,-,1720,20,20,,,,M065M0,1,M065M0,1720+-20,E,true,PDG charge-tagged measurement,2026,2026-09-19,PDG 2026,https://pdglive.lbl.gov/Particle.action?node=M065
light isovector,a_2(1700)-,M162,M162,1,-9000215,-1,1,2,+,+,1705.70969,13.5014409,14.8390745,,,,M162M,1,M162M,1706+-14,AC,true,exclusive decay M162.6,2026,2026-09-19,PDG 2026,https://pdglive.lbl.gov/Particle.action?node=M162
light isovector,a_2(1700)0,M162,M162,2,9000115,0,1,2,+,+,1705.70969,13.5014409,14.8390745,,,,M162M,1,M162M,1706+-14,AC,true,exclusive decay M162.1,2026,2026-09-19,PDG 2026,https://pdglive.lbl.gov/Particle.action?node=M162
light isovector,a_2(1700)+,M162,M162,3,9000215,1,1,2,+,+,1705.70969,13.5014409,14.8390745,,,,M162M,1,M162M,1706+-14,AC,false,,2026,2026-09-19,PDG 2026,https://pdglive.lbl.gov/Particle.action?node=M162
light isovector,a_0(1710)-,M263,M263,1,,-1,1,0,+,+,1713.19775,18.6275746,18.6275746,,,,M263M,1,M263M,1713+-19,AC,false,,2026,2026-09-19,PDG 2026,https://pdglive.lbl.gov/Particle.action?node=M263
light isovector,a_0(1710)0,M263,M263,2,,0,1,0,+,+,1713.19775,18.6275746,18.6275746,,,,M263M,1,M263M,1713+-19,AC,true,exclusive decay M263.2,2026,2026-09-19,PDG 2026,https://pdglive.lbl.gov/Particle.action?node=M263
light isovector,a_0(1710)+,M263,M263,3,,1,1,0,+,+,1713.19775,18.6275746,18.6275746,,,,M263M,1,M263M,1713+-19,AC,false,,2026,2026-09-19,PDG 2026,https://pdglive.lbl.gov/Particle.action?node=M263
light isoscalar,f_0(1710)0,M068,M068,1,10331,0,0,0,+,+,1723.08051,6.73908139,5.56177754,,,,M068M,1,M068M,1723+7-6,AC,true,exclusive decay M068.1; exclusive decay M068.4; exclusive decay M068.6,2026,2026-09-19,PDG 2026,https://pdglive.lbl.gov/Particle.action?node=M068
light isoscalar,X(1750)0,M255,M255,1,,0,?,1,-,-,1753.76117,2.67672206,2.73412427,,,,M255M,1,M255M,1753.8+-2.7,AC,true,exclusive decay M255.1; exclusive decay M255.4,2026,2026-09-19,PDG 2026,https://pdglive.lbl.gov/Particle.action?node=M255
light isoscalar,eta(1760)0,M114,M114,1,9040221,0,0,0,-,+,1751.49922,14.8148749,14.9801456,,,,M114M,1,M114M,1751+-15,AC,true,exclusive decay M114.4; exclusive decay M114.7; exclusive decay M114.9,2026,2026-09-19,PDG 2026,https://pdglive.lbl.gov/Particle.action?node=M114
light isovector,pi(1800)-,M075,M075,1,-9010211,-1,1,0,-,+,1810.13262,9.40459492,11.027514,,,,M075M,1,M075M,1810+9-11,AC,true,PDG charge-tagged measurement; exclusive decay M075.10; exclusive decay M075.7,2026,2026-09-19,PDG 2026,https://pdglive.lbl.gov/Particle.action?node=M075
light isovector,pi(1800)0,M075,M075,2,9010111,0,1,0,-,+,1810.13262,9.40459492,11.027514,,,,M075M,1,M075M,1810+9-11,AC,true,PDG charge-tagged measurement,2026,2026-09-19,PDG 2026,https://pdglive.lbl.gov/Particle.action?node=M075
light isovector,pi(1800)+,M075,M075,3,9010211,1,1,0,-,+,1810.13262,9.40459492,11.027514,,,,M075M,1,M075M,1810+9-11,AC,false,,2026,2026-09-19,PDG 2026,https://pdglive.lbl.gov/Particle.action?node=M075
light isoscalar,f_0(1810)0,M264,M264,1,,0,0,0,+,+,1785.1897,13.478123,13.3053238,,,,M264M,1,M264M,1785+-13,AC,true,exclusive decay M264.3; exclusive decay M264.4,2026,2026-09-19,PDG 2026,https://pdglive.lbl.gov/Particle.action?node=M264
light isoscalar,f_2(1810)0,M038,M038,1,9030225,0,0,2,+,+,1814.8632,12.5286423,11.9803741,,,,M038M,1,M038M,1815+-12,AC,true,exclusive decay M038.1; exclusive decay M038.3; exclusive decay M038.4; exclusive decay M038.5,2026,2026-09-19,PDG 2026,https://pdglive.lbl.gov/Particle.action?node=M038
light isoscalar,X(1835)0,M085,M085,1,,0,0,0,-,+,1833.98009,4.11787075,2.9844076,,,,M085M,1,M085M,1834.0+4.0-3.0,AC,true,exclusive decay M085.1; exclusive decay M085.4; exclusive decay M085.7,2026,2026-09-19,PDG 2026,https://pdglive.lbl.gov/Particle.action?node=M085
light isoscalar,phi_3(1850)0,M054,M054,1,337,0,0,3,-,-,1854.3031,6.88247202,6.66666667,,,,M054M,1,M054M,1854+-7,AC,true,,2026,2026-09-19,PDG 2026,https://pdglive.lbl.gov/Particle.action?node=M054
light isoscalar,eta_1(1855)0,M267,M267,1,,0,0,1,-,+,1855,10.8166538,9.05538514,,,,M267M,1,M267M,1855+11-9,AC,true,,2026,2026-09-19,PDG 2026,https://pdglive.lbl.gov/Particle.action?node=M267
light isoscalar,eta_2(1870)0,M101,M101,1,10335,0,0,2,-,+,1841.68908,8.04307531,8.04307531,,,,M101M,1,M101M,1842+-8,AC,true,exclusive decay M101.9,2026,2026-09-19,PDG 2026,https://pdglive.lbl.gov/Particle.action?node=M101
light isovector,pi_2(1880)-,M185,M185,1,,-1,1,2,-,+,1873.58465,25.8979461,4.79881566,,,,M185M,1,M185M,1874+26-5,AC,true,PDG charge-tagged measurement; exclusive decay M185.1; exclusive decay M185.6,2026,2026-09-19,PDG 2026,https://pdglive.lbl.gov/Particle.action?node=M185
light isovector,pi_2(1880)0,M185,M185,2,,0,1,2,-,+,1873.58465,25.8979461,4.79881566,,,,M185M,1,M185M,1874+26-5,AC,true,PDG charge-tagged measurement,2026,2026-09-19,PDG 2026,https://pdglive.lbl.gov/Particle.action?node=M185
light isovector,pi_2(1880)+,M185,M185,3,,1,1,2,-,+,1873.58465,25.8979461,4.79881566,,,,M185M,1,M185M,1874+26-5,AC,false,,2026,2026-09-19,PDG 2026,https://pdglive.lbl.gov/Particle.action?node=M185
light isovector,rho(1900)-,M170,M170,1,-9030213,-1,1,1,-,-,,,,,,,,0,,,,false,,2026,2026-09-19,PDG 2026,https://pdglive.lbl.gov/Particle.action?node=M170
light isovector,rho(1900)0,M170,M170,2,9030113,0,1,1,-,-,,,,,,,,0,,,,true,exclusive decay M170.1; exclusive decay M170.3; exclusive decay M170.6,2026,2026-09-19,PDG 2026,https://pdglive.lbl.gov/Particle.action?node=M170
light isovector,rho(1900)+,M170,M170,3,9030213,1,1,1,-,-,,,,,,,,0,,,,false,,2026,2026-09-19,PDG 2026,https://pdglive.lbl.gov/Particle.action?node=M170
light isoscalar,f_2(1910)0,M142,M142,1,9040225,0,0,2,+,+,1899.89967,9.26655749,9.26655749,,,,M142M2,1,M142M2,1900+-9,AC,true,exclusive decay M142.11; exclusive decay M142.3; exclusive decay M142.4; exclusive decay M142.6,2026,2026-09-19,PDG 2026,https://pdglive.lbl.gov/Particle.action?node=M142
light isovector,a_0(1950)-,M227,M227,1,,-1,1,0,+,+,1931,26.0768096,26.0768096,,,,M227M,1,M227M,1931+-26,AC,false,,2026,2026-09-19,PDG 2026,https://pdglive.lbl.gov/Particle.action?node=M227
light isovector,a_0(1950)0,M227,M227,2,,0,1,0,+,+,1931,26.0768096,26.0768096,,,,M227M,1,M227M,1931+-26,AC,false,,2026,2026-09-19,PDG 2026,https://pdglive.lbl.gov/Particle.action?node=M227
light isovector,a_0(1950)+,M227,M227,3,,1,1,0,+,+,1931,26.0768096,26.0768096,,,,M227M,1,M227M,1931+-26,AC,false,,2026,2026-09-19,PDG 2026,https://pdglive.lbl.gov/Particle.action?node=M227
light isoscalar,f_2(1950)0,M135,M135,1,9050225,0,0,2,+,+,1936.19386,11.7308675,11.7308675,,,,M135M,1,M135M,1936+-12,AC,true,PDG charge-tagged measurement; exclusive decay M135.10; exclusive decay M135.12; exclusive decay M135.13; exclusive decay M135.2; exclusive decay M135.3; exclusive decay M135.6; exclusive decay M135.9,2026,2026-09-19,PDG 2026,https://pdglive.lbl.gov/Particle.action?node=M135
light isovector,a_4(1970)-,M017,M017,1,-219,-1,1,4,+,+,1967.27634,16.0388763,15.8917126,,,,M017M,1,M017M,1967+-16,AC,true,PDG charge-tagged measurement; exclusive decay M017.7,2026,2026-09-19,PDG 2026,https://pdglive.lbl.gov/Particle.action?node=M017
light isovector,a_4(1970)0,M017,M017,2,119,0,1,4,+,+,1967.27634,16.0388763,15.8917126,,,,M017M,1,M017M,1967+-16,AC,true,PDG charge-tagged measurement; exclusive decay M017.2,2026,2026-09-19,PDG 2026,https://pdglive.lbl.gov/Particle.action?node=M017
light isovector,a_4(1970)+,M017,M017,3,219,1,1,4,+,+,1967.27634,16.0388763,15.8917126,,,,M017M,1,M017M,1967+-16,AC,true,PDG charge-tagged measurement,2026,2026-09-19,PDG 2026,https://pdglive.lbl.gov/Particle.action?node=M017
light isovector,rho_3(1990)-,M167,M167,1,-9000217,-1,1,3,-,-,,,,,,,,0,,,,false,,2026,2026-09-19,PDG 2026,https://pdglive.lbl.gov/Particle.action?node=M167
light isovector,rho_3(1990)0,M167,M167,2,9000117,0,1,3,-,-,,,,,,,,0,,,,false,,2026,2026-09-19,PDG 2026,https://pdglive.lbl.gov/Particle.action?node=M167
light isovector,rho_3(1990)+,M167,M167,3,9000217,1,1,3,-,-,,,,,,,,0,,,,false,,2026,2026-09-19,PDG 2026,https://pdglive.lbl.gov/Particle.action?node=M167
light isovector,pi_2(2005)-,M239,M239,1,,-1,1,2,-,+,1962.71862,16.6635405,27.4183232,,,,M239M,1,M239M,1963+17-27,AC,true,exclusive decay M239.1; exclusive decay M239.2,2026,2026-09-19,PDG 2026,https://pdglive.lbl.gov/Particle.action?node=M239
light isovector,pi_2(2005)0,M239,M239,2,,0,1,2,-,+,1962.71862,16.6635405,27.4183232,,,,M239M,1,M239M,1963+17-27,AC,false,,2026,2026-09-19,PDG 2026,https://pdglive.lbl.gov/Particle.action?node=M239
light isovector,pi_2(2005)+,M239,M239,3,,1,1,2,-,+,1962.71862,16.6635405,27.4183232,,,,M239M,1,M239M,1963+17-27,AC,false,,2026,2026-09-19,PDG 2026,https://pdglive.lbl.gov/Particle.action?node=M239
light isoscalar,f_2(2010)0,M106,M106,1,9060225,0,0,2,+,+,2011,62,76,,,,M106M,1,M106M,2010+60-80,AC,true,exclusive decay M106.1; exclusive decay M106.4,2026,2026-09-19,PDG 2026,https://pdglive.lbl.gov/Particle.action?node=M106
light isoscalar,f_0(2020)0,M156,M156,1,9050221,0,0,0,+,+,1982,54.0832691,3,,,,M156M,1,M156M,1982+54.1-3.0,AC,true,exclusive decay M156.2; exclusive decay M156.4; exclusive decay M156.5,2026,2026-09-19,PDG 2026,https://pdglive.lbl.gov/Particle.action?node=M156
light isoscalar,f_4(2050)0,M016,M016,1,229,0,0,4,+,+,2018.43951,11.3698562,11.5056263,,,,M016M,1,M016M,2018+-11,AC,true,exclusive decay M016.3; exclusive decay M016.4; exclusive decay M016.5; exclusive decay M016.6,2026,2026-09-19,PDG 2026,https://pdglive.lbl.gov/Particle.action?node=M016
light isovector,pi_2(2100)-,M020,M020,1,-9010215,-1,1,2,-,+,2090.38462,29.4174203,29.4174203,,,,M020M,1,M020M,2090+-29,AC,false,,2026,2026-09-19,PDG 2026,https://pdglive.lbl.gov/Particle.action?node=M020
light isovector,pi_2(2100)0,M020,M020,2,9010115,0,1,2,-,+,2090.38462,29.4174203,29.4174203,,,,M020M,1,M020M,2090+-29,AC,false,,2026,2026-09-19,PDG 2026,https://pdglive.lbl.gov/Particle.action?node=M020
light isovector,pi_2(2100)+,M020,M020,3,9010215,1,1,2,-,+,2090.38462,29.4174203,29.4174203,,,,M020M,1,M020M,2090+-29,AC,false,,2026,2026-09-19,PDG 2026,https://pdglive.lbl.gov/Particle.action?node=M020
light isoscalar,f_0(2100)0,M168,M168,1,9060221,0,0,0,+,+,2094.71221,17.0604967,18.979661,,,,M168M,1,M168M,2095+17-19,AC,true,,2026,2026-09-19,PDG 2026,https://pdglive.lbl.gov/Particle.action?node=M168
light isoscalar,f_2(2150)0,M042,M042,1,9070225,0,0,2,+,+,2156.93377,11.7666795,11.7666795,,,,M042M,2,M042M;M042M3,2157+-12 | 2157+-12,AC,true,PDG charge-tagged measurement; exclusive decay M042.2; exclusive decay M042.6; exclusive decay M042.7,2026,2026-09-19,PDG 2026,https://pdglive.lbl.gov/Particle.action?node=M042
light isovector,rho(2150)-,M032,M032,1,-9040213,-1,1,1,-,-,,,,,,,,0,,,,false,,2026,2026-09-19,PDG 2026,https://pdglive.lbl.gov/Particle.action?node=M032
light isovector,rho(2150)0,M032,M032,2,9040113,0,1,1,-,-,,,,,,,,0,,,,true,exclusive decay M032.1; exclusive decay M032.10; exclusive decay M032.2; exclusive decay M032.3; exclusive decay M032.4; exclusive decay M032.5; exclusive decay M032.8; exclusive decay M032.9,2026,2026-09-19,PDG 2026,https://pdglive.lbl.gov/Particle.action?node=M032
light isovector,rho(2150)+,M032,M032,3,9040213,1,1,1,-,-,,,,,,,,0,,,,false,,2026,2026-09-19,PDG 2026,https://pdglive.lbl.gov/Particle.action?node=M032
light isoscalar,phi(2170)0,M103,M103,1,,0,0,1,-,-,2163.80987,5.1132736,5.1132736,,,,M103M,1,M103M,2164+-5,AC,true,exclusive decay M103.1; exclusive decay M103.10; exclusive decay M103.15; exclusive decay M103.21; exclusive decay M103.3; exclusive decay M103.4; exclusive decay M103.5,2026,2026-09-19,PDG 2026,https://pdglive.lbl.gov/Particle.action?node=M103
light isoscalar,f_0(2200)0,M112,M112,1,9070221,0,0,0,+,+,2187.2683,13.5330418,14.0577505,,,,M112M,1,M112M,2187+-14,AC,true,exclusive decay M112.1,2026,2026-09-19,PDG 2026,https://pdglive.lbl.gov/Particle.action?node=M112
light isoscalar,f_J(2220)0,M082,M082,1,9000229,0,0,2++ or 4,+,+,2231.14385,3.53352481,3.52146108,,,,M082M,1,M082M,2231.1+-3.5,AC,true,exclusive decay M082.2; exclusive decay M082.4; exclusive decay M082.6; exclusive decay M082.7; exclusive decay M082.8,2026,2026-09-19,PDG 2026,https://pdglive.lbl.gov/Particle.action?node=M082
light isoscalar,omega(2220)0,M270,M270,1,,0,0,1,-,-,2188.33091,20.5796647,20.5796647,,,,M270M,1,M270M,2188+-21,AC,true,exclusive decay M270.1; exclusive decay M270.2; exclusive decay M270.4; exclusive decay M270.5,2026,2026-09-19,PDG 2026,https://pdglive.lbl.gov/Particle.action?node=M270
light isoscalar,eta(2225)0,M115,M115,1,9080221,0,0,0,-,+,2221.21148,13.2713339,9.52024608,,,,M115M,1,M115M,2221+13-10,AC,true,,2026,2026-09-19,PDG 2026,https://pdglive.lbl.gov/Particle.action?node=M115
light isovector,rho_3(2250)-,M044,M044,1,-9010217,-1,1,3,-,-,,,,,,,,0,,,,false,,2026,2026-09-19,PDG 2026,https://pdglive.lbl.gov/Particle.action?node=M044
light isovector,rho_3(2250)0,M044,M044,2,9010117,0,1,3,-,-,,,,,,,,0,,,,true,PDG charge-tagged measurement,2026,2026-09-19,PDG 2026,https://pdglive.lbl.gov/Particle.action?node=M044
light isovector,rho_3(2250)+,M044,M044,3,9010217,1,1,3,-,-,,,,,,,,0,,,,false,,2026,2026-09-19,PDG 2026,https://pdglive.lbl.gov/Particle.action?node=M044
light isoscalar,f_2(2300)0,M107,M107,1,9080225,0,0,2,+,+,2297,28,28,,,,M107M,1,M107M,2297+-28,AC,true,exclusive decay M107.1; exclusive decay M107.3,2026,2026-09-19,PDG 2026,https://pdglive.lbl.gov/Particle.action?node=M107
light isoscalar,f_4(2300)0,M041,M041,1,9010229,0,0,4,+,+,2320,60,60,,,,M041M4,1,M041M4,2320+-60,E,true,exclusive decay M041.2,2026,2026-09-19,PDG 2026,https://pdglive.lbl.gov/Particle.action?node=M041
light isoscalar,f_2(2340)0,M108,M108,1,9090225,0,0,2,+,+,2345.95288,21.3005625,9.74233264,,,,M108M,1,M108M,2346+21-10,AC,true,exclusive decay M108.1; exclusive decay M108.2,2026,2026-09-19,PDG 2026,https://pdglive.lbl.gov/Particle.action?node=M108
light isovector,rho_5(2350)-,M033,M033,1,,-1,1,5,-,-,2330,35,35,,,,M033M3,1,M033M3,2330+-35,AC,true,PDG charge-tagged measurement,2026,2026-09-19,PDG 2026,https://pdglive.lbl.gov/Particle.action?node=M033
light isovector,rho_5(2350)0,M033,M033,2,,0,1,5,-,-,2330,35,35,,,,M033M3,1,M033M3,2330+-35,AC,true,PDG charge-tagged measurement,2026,2026-09-19,PDG 2026,https://pdglive.lbl.gov/Particle.action?node=M033
light isovector,rho_5(2350)+,M033,M033,3,,1,1,5,-,-,2330,35,35,,,,M033M3,1,M033M3,2330+-35,AC,false,,2026,2026-09-19,PDG 2026,https://pdglive.lbl.gov/Particle.action?node=M033
light isoscalar,eta(2370)0,M247,M247,1,,0,0,0,-,+,2376.87244,8.80721158,9.65401633,,,,M247M,1,M247M,2377+-9,AC,true,,2026,2026-09-19,PDG 2026,https://pdglive.lbl.gov/Particle.action?node=M247
light isoscalar,f_0(2470)0,M266,M266,1,,0,0,0,+,+,2470,5.65685425,7.21110255,,,,M266M,1,M266M,2470+6-7,AC,true,,2026,2026-09-19,PDG 2026,https://pdglive.lbl.gov/Particle.action?node=M266
light isoscalar,f_6(2510)0,M089,M089,1,,0,0,6,+,+,2465,44.999998,44.999998,,,,M089M,1,M089M,2470+-50,AC,true,,2026,2026-09-19,PDG 2026,https://pdglive.lbl.gov/Particle.action?node=M089
kaons,K0,S011,S010;S011,1,311,0,1/2,0,-,,497.610768,0.0129901998,0.0129901998,,,,S011M,1,S011M,497.611+-0.013,FC,true,charge-specific PDG property,2026,2026-09-19,PDG 2026,https://pdglive.lbl.gov/Particle.action?node=S010
kaons,K+,S010,S010;S011,2,321,1,1/2,0,-,,493.676599,0.0154056652,0.0154056652,,,,S010M,1,S010M,493.677+-0.015,FC,true,PDG charge-tagged measurement; charge-specific PDG property; exclusive decay S010.1; exclusive decay S010.10; exclusive decay S010.11; exclusive decay S010.117; exclusive decay S010.118; exclusive decay S010.12; exclusive decay S010.120; exclusive decay S010.121; exclusive decay S010.123; exclusive decay S010.124; exclusive decay S010.125; exclusive decay S010.126; exclusive decay S010.127; exclusive decay S010.14; exclusive decay S010.15; exclusive decay S010.16; exclusive decay S010.17; exclusive decay S010.18; exclusive decay S010.19; exclusive decay S010.2; exclusive decay S010.21; exclusive decay S010.22; exclusive decay S010.23; exclusive decay S010.24; exclusive decay S010.25; exclusive decay S010.28; exclusive decay S010.29; exclusive decay S010.3; exclusive decay S010.30; exclusive decay S010.32; exclusive decay S010.34; exclusive decay S010.35; exclusive decay S010.36; exclusive decay S010.37; exclusive decay S010.4; exclusive decay S010.44; exclusive decay S010.45; exclusive decay S010.46; exclusive decay S010.47; exclusive decay S010.48; exclusive decay S010.5; exclusive decay S010.6; exclusive decay S010.7; exclusive decay S010.8; exclusive decay S010.9,2026,2026-09-19,PDG 2026,https://pdglive.lbl.gov/Particle.action?node=S010
kaons,K(S)0,S012,S012,1,310,0,1/2,0,-,,,,,,,,,0,,,,true,exclusive decay S012.1; exclusive decay S012.10; exclusive decay S012.13; exclusive decay S012.14; exclusive decay S012.15; exclusive decay S012.16; exclusive decay S012.2; exclusive decay S012.3; exclusive decay S012.4; exclusive decay S012.5; exclusive decay S012.6; exclusive decay S012.7; exclusive decay S012.8,2026,2026-09-19,PDG 2026,https://pdglive.lbl.gov/Particle.action?node=S012
kaons,K(S)+,S012,S012,2,310,1,1/2,0,-,,,,,,,,,0,,,,false,,2026,2026-09-19,PDG 2026,https://pdglive.lbl.gov/Particle.action?node=S012
kaons,K(L)0,S013,S013,1,130,0,1/2,0,-,,,,,,,,,0,,,,true,exclusive decay S013.1; exclusive decay S013.10; exclusive decay S013.11; exclusive decay S013.13; exclusive decay S013.14; exclusive decay S013.15; exclusive decay S013.16; exclusive decay S013.17; exclusive decay S013.2; exclusive decay S013.20; exclusive decay S013.21; exclusive decay S013.22; exclusive decay S013.23; exclusive decay S013.33; exclusive decay S013.45; exclusive decay S013.46; exclusive decay S013.47; exclusive decay S013.48; exclusive decay S013.5; exclusive decay S013.54; exclusive decay S013.55; exclusive decay S013.56; exclusive decay S013.6; exclusive decay S013.7; exclusive decay S013.9,2026,2026-09-19,PDG 2026,https://pdglive.lbl.gov/Particle.action?node=S013
kaons,K(L)+,S013,S013,2,130,1,1/2,0,-,,,,,,,,,0,,,,false,,2026,2026-09-19,PDG 2026,https://pdglive.lbl.gov/Particle.action?node=S013
kaons,K_0^*(700)0,M174,M174,1,9000311,0,1/2,0,+,,838.104374,11.3879041,11.2973395,,,,M174M,1,M174M,838+-11,AC,false,,2026,2026-09-19,PDG 2026,https://pdglive.lbl.gov/Particle.action?node=M174
kaons,K_0^*(700)+,M174,M174,2,9000321,1,1/2,0,+,,838.104374,11.3879041,11.2973395,,,,M174M,1,M174M,838+-11,AC,false,,2026,2026-09-19,PDG 2026,https://pdglive.lbl.gov/Particle.action?node=M174
kaons,K^*(892)0,M018,M018,1,313,0,1/2,1,-,,891.882454,0.231107226,0.231107226,,,,M018M1,3,M018M1;M018M2;M018MCT,891.88+-0.23 | 895.56+-0.20 | 895.5+-0.8,AC,true,PDG charge-tagged measurement; PDG neutral-only property; exclusive decay M018.12; exclusive decay M018.4,2026,2026-09-19,PDG 2026,https://pdglive.lbl.gov/Particle.action?node=M018
kaons,K^*(892)+,M018,M018,2,323,1,1/2,1,-,,891.882454,0.231107226,0.231107226,,,,M018M1,3,M018M1;M018M2;M018MCT,891.88+-0.23 | 895.56+-0.20 | 895.5+-0.8,AC,true,PDG charge-tagged measurement; PDG charged-only property,2026,2026-09-19,PDG 2026,https://pdglive.lbl.gov/Particle.action?node=M018
kaons,K_1(1270)0,M028,M028,1,10313,0,1/2,1,+,,1255.76576,6.42398248,6.42398248,,,,M028MX,5,M028MX;M028M1;M028M2;M028M3;M028MT,1256+-6 | 1252+-9 | 1275+-10 | 1270+-10 | 1250+-50,AC,true,exclusive decay M028.9,2026,2026-09-19,PDG 2026,https://pdglive.lbl.gov/Particle.action?node=M028
kaons,K_1(1270)+,M028,M028,2,10323,1,1/2,1,+,,1255.76576,6.42398248,6.42398248,,,,M028MX,5,M028MX;M028M1;M028M2;M028M3;M028MT,1256+-6 | 1252+-9 | 1275+-10 | 1270+-10 | 1250+-50,AC,true,PDG charge-tagged measurement,2026,2026-09-19,PDG 2026,https://pdglive.lbl.gov/Particle.action?node=M028
kaons,K_1(1400)0,M064,M064,1,20313,0,1/2,1,+,,1402.51679,6.87311683,6.87311683,,,,M064M,1,M064M,1403+-7,AC,true,PDG charge-tagged measurement; exclusive decay M064.9,2026,2026-09-19,PDG 2026,https://pdglive.lbl.gov/Particle.action?node=M064
kaons,K_1(1400)+,M064,M064,2,20323,1,1/2,1,+,,1402.51679,6.87311683,6.87311683,,,,M064M,1,M064M,1403+-7,AC,true,PDG charge-tagged measurement,2026,2026-09-19,PDG 2026,https://pdglive.lbl.gov/Particle.action?node=M064
kaons,K^*(1410)0,M094,M094,1,100313,0,1/2,1,-,,1413.73291,14.5398454,14.5398454,,,,M094M,1,M094M,1414+-15,AC,true,PDG charge-tagged measurement; exclusive decay M094.4,2026,2026-09-19,PDG 2026,https://pdglive.lbl.gov/Particle.action?node=M094
kaons,K^*(1410)+,M094,M094,2,100323,1,1/2,1,-,,1413.73291,14.5398454,14.5398454,,,,M094M,1,M094M,1414+-15,AC,true,PDG charge-tagged measurement,2026,2026-09-19,PDG 2026,https://pdglive.lbl.gov/Particle.action?node=M094
kaons,K_0^*(1430)0,M019,M019,1,10311,0,1/2,0,+,,1425,50,50,,,,M019M,1,M019M,1425+-50,E,true,PDG charge-tagged measurement,2026,2026-09-19,PDG 2026,https://pdglive.lbl.gov/Particle.action?node=M019
kaons,K_0^*(1430)+,M019,M019,2,10321,1,1/2,0,+,,1425,50,50,,,,M019M,1,M019M,1425+-50,E,false,,2026,2026-09-19,PDG 2026,https://pdglive.lbl.gov/Particle.action?node=M019
kaons,K_2^*(1430)0,M022,M022,1,315,0,1/2,2,+,,1427.25161,1.50306501,1.51764648,,,,M022M1,2,M022M1;M022M4,1427.3+-1.5 | 1432.4+-1.3,AC,true,PDG charge-tagged measurement; PDG neutral-only property; exclusive decay M022.10,2026,2026-09-19,PDG 2026,https://pdglive.lbl.gov/Particle.action?node=M022
kaons,K_2^*(1430)+,M022,M022,2,325,1,1/2,2,+,,1427.25161,1.50306501,1.51764648,,,,M022M1,2,M022M1;M022M4,1427.3+-1.5 | 1432.4+-1.3,AC,true,PDG charge-tagged measurement; PDG charged-only property; exclusive decay M022.8,2026,2026-09-19,PDG 2026,https://pdglive.lbl.gov/Particle.action?node=M022
kaons,K(1460)0,M021,M021,1,100311,0,1/2,0,-,,,,,,,,,0,,,,false,,2026,2026-09-19,PDG 2026,https://pdglive.lbl.gov/Particle.action?node=M021
kaons,K(1460)+,M021,M021,2,100321,1,1/2,0,-,,,,,,,,,0,,,,true,PDG charge-tagged measurement,2026,2026-09-19,PDG 2026,https://pdglive.lbl.gov/Particle.action?node=M021
kaons,K_2(1580)0,M039,M039,1,9000315,0,1/2,2,-,,,,,,,,,0,,,,false,,2026,2026-09-19,PDG 2026,https://pdglive.lbl.gov/Particle.action?node=M039
kaons,K_2(1580)+,M039,M039,2,9000325,1,1/2,2,-,,,,,,,,,0,,,,true,PDG charge-tagged measurement,2026,2026-09-19,PDG 2026,https://pdglive.lbl.gov/Particle.action?node=M039
kaons,K(1630)0,M160,M160,1,,0,1/2,?,?,,1629,7,7,,,,M160M,1,M160M,1629+-7,AC,false,,2026,2026-09-19,PDG 2026,https://pdglive.lbl.gov/Particle.action?node=M160
kaons,K(1630)+,M160,M160,2,,1,1/2,?,?,,1629,7,7,,,,M160M,1,M160M,1629+-7,AC,false,,2026,2026-09-19,PDG 2026,https://pdglive.lbl.gov/Particle.action?node=M160
kaons,K_1(1650)0,M099,M099,1,9000313,0,1/2,1,+,,1650,50,50,,,,M099M,1,M099M,1650+-50,AC,false,,2026,2026-09-19,PDG 2026,https://pdglive.lbl.gov/Particle.action?node=M099
kaons,K_1(1650)+,M099,M099,2,9000323,1,1/2,1,+,,1650,50,50,,,,M099M,1,M099M,1650+-50,AC,true,PDG charge-tagged measurement,2026,2026-09-19,PDG 2026,https://pdglive.lbl.gov/Particle.action?node=M099
kaons,K^*(1680)0,M095,M095,1,30313,0,1/2,1,-,,1717.57713,17.0787269,18.6981627,,,,M095M,1,M095M,1718+-18,AC,true,PDG charge-tagged measurement,2026,2026-09-19,PDG 2026,https://pdglive.lbl.gov/Particle.action?node=M095
kaons,K^*(1680)+,M095,M095,2,30323,1,1/2,1,-,,1717.57713,17.0787269,18.6981627,,,,M095M,1,M095M,1718+-18,AC,true,PDG charge-tagged measurement,2026,2026-09-19,PDG 2026,https://pdglive.lbl.gov/Particle.action?node=M095
kaons,K_2(1770)0,M023,M023,1,10315,0,1/2,2,-,,1773.02508,7.98415546,7.96445414,,,,M023M,1,M023M,1773+-8,AC,false,,2026,2026-09-19,PDG 2026,https://pdglive.lbl.gov/Particle.action?node=M023
kaons,K_2(1770)+,M023,M023,2,10325,1,1/2,2,-,,1773.02508,7.98415546,7.96445414,,,,M023M,1,M023M,1773+-8,AC,true,PDG charge-tagged measurement,2026,2026-09-19,PDG 2026,https://pdglive.lbl.gov/Particle.action?node=M023
kaons,K_3^*(1780)0,M060,M060,1,317,0,1/2,3,-,,1778.948,7.82152443,7.54501939,,,,M060M,1,M060M,1779+-8,AC,true,PDG charge-tagged measurement,2026,2026-09-19,PDG 2026,https://pdglive.lbl.gov/Particle.action?node=M060
kaons,K_3^*(1780)+,M060,M060,2,327,1,1/2,3,-,,1778.948,7.82152443,7.54501939,,,,M060M,1,M060M,1779+-8,AC,true,PDG charge-tagged measurement,2026,2026-09-19,PDG 2026,https://pdglive.lbl.gov/Particle.action?node=M060
kaons,K_2(1820)0,M146,M146,1,20315,0,1/2,2,-,,1819.15024,12.0676286,12.471843,,,,M146M,1,M146M,1819+-12,AC,false,,2026,2026-09-19,PDG 2026,https://pdglive.lbl.gov/Particle.action?node=M146
kaons,K_2(1820)+,M146,M146,2,20325,1,1/2,2,-,,1819.15024,12.0676286,12.471843,,,,M146M,1,M146M,1819+-12,AC,false,,2026,2026-09-19,PDG 2026,https://pdglive.lbl.gov/Particle.action?node=M146
kaons,K(1830)0,M088,M088,1,9010311,0,1/2,0,-,,,,,,,,,0,,,,false,,2026,2026-09-19,PDG 2026,https://pdglive.lbl.gov/Particle.action?node=M088
kaons,K(1830)+,M088,M088,2,9010321,1,1/2,0,-,,,,,,,,,0,,,,true,PDG charge-tagged measurement,2026,2026-09-19,PDG 2026,https://pdglive.lbl.gov/Particle.action?node=M088
kaons,K_0^*(1950)0,M134,M134,1,9020311,0,1/2,0,+,,1957.22074,14.320222,14.320222,,,,M134M,1,M134M,1957+-14,AC,true,PDG charge-tagged measurement; exclusive decay M134.1,2026,2026-09-19,PDG 2026,https://pdglive.lbl.gov/Particle.action?node=M134
kaons,K_0^*(1950)+,M134,M134,2,9020321,1,1/2,0,+,,1957.22074,14.320222,14.320222,,,,M134M,1,M134M,1957+-14,AC,false,,2026,2026-09-19,PDG 2026,https://pdglive.lbl.gov/Particle.action?node=M134
kaons,K_2^*(1980)0,M104,M104,1,9010315,0,1/2,2,+,,1994.46184,59.1051526,45.4057722,,,,M104M,1,M104M,1990+60-50,AC,true,PDG charge-tagged measurement,2026,2026-09-19,PDG 2026,https://pdglive.lbl.gov/Particle.action?node=M104
kaons,K_2^*(1980)+,M104,M104,2,9010325,1,1/2,2,+,,1994.46184,59.1051526,45.4057722,,,,M104M,1,M104M,1990+60-50,AC,true,PDG charge-tagged measurement,2026,2026-09-19,PDG 2026,https://pdglive.lbl.gov/Particle.action?node=M104
kaons,K_4^*(2045)0,M035,M035,1,319,0,1/2,4,+,,2048.2475,8.0644654,8.94834005,,,,M035M,1,M035M,2048+8-9,AC,true,PDG charge-tagged measurement,2026,2026-09-19,PDG 2026,https://pdglive.lbl.gov/Particle.action?node=M035
kaons,K_4^*(2045)+,M035,M035,2,329,1,1/2,4,+,,2048.2475,8.0644654,8.94834005,,,,M035M,1,M035M,2048+8-9,AC,true,PDG charge-tagged measurement,2026,2026-09-19,PDG 2026,https://pdglive.lbl.gov/Particle.action?node=M035
kaons,K_2(2250)0,M040,M040,1,9020315,0,1/2,2,-,,2246.52482,16.8430384,16.8430384,,,,M040M,1,M040M,2247+-17,AC,false,,2026,2026-09-19,PDG 2026,https://pdglive.lbl.gov/Particle.action?node=M040
kaons,K_2(2250)+,M040,M040,2,9020325,1,1/2,2,-,,2246.52482,16.8430384,16.8430384,,,,M040M,1,M040M,2247+-17,AC,true,PDG charge-tagged measurement,2026,2026-09-19,PDG 2026,https://pdglive.lbl.gov/Particle.action?node=M040
kaons,K_3(2320)0,M090,M090,1,9010317,0,1/2,3,+,,2323.6,24,24,,,,M090M,1,M090M,2324+-24,AC,false,,2026,2026-09-19,PDG 2026,https://pdglive.lbl.gov/Particle.action?node=M090
kaons,K_3(2320)+,M090,M090,2,9010327,1,1/2,3,+,,2323.6,24,24,,,,M090M,1,M090M,2324+-24,AC,true,PDG charge-tagged measurement,2026,2026-09-19,PDG 2026,https://pdglive.lbl.gov/Particle.action?node=M090
kaons,K_5^*(2380)0,M098,M098,1,,0,1/2,5,-,,2382,23.6008474,23.6008474,,,,M098M,1,M098M,2382+-24,AC,true,PDG charge-tagged measurement,2026,2026-09-19,PDG 2026,https://pdglive.lbl.gov/Particle.action?node=M098
kaons,K_5^*(2380)+,M098,M098,2,,1,1/2,5,-,,2382,23.6008474,23.6008474,,,,M098M,1,M098M,2382+-24,AC,false,,2026,2026-09-19,PDG 2026,https://pdglive.lbl.gov/Particle.action?node=M098
kaons,K_4(2500)0,M091,M091,1,9000319,0,1/2,4,-,,2490,20,20,,,,M091M,1,M091M,2490+-20,AC,false,,2026,2026-09-19,PDG 2026,https://pdglive.lbl.gov/Particle.action?node=M091
kaons,K_4(2500)+,M091,M091,2,9000329,1,1/2,4,-,,2490,20,20,,,,M091M,1,M091M,2490+-20,AC,true,PDG charge-tagged measurement,2026,2026-09-19,PDG 2026,https://pdglive.lbl.gov/Particle.action?node=M091
kaons,K(3100)0,M129,M129,1,,0,?,?,?,?,3100,,,,,,M129M,3,M129M;M129M1;M129M2,~3100 | 3054+-11 | 3059+-11,AC;E,true,exclusive decay M129.6,2026,2026-09-19,PDG 2026,https://pdglive.lbl.gov/Particle.action?node=M129
D,D0,S032,S031;S032,1,421,0,1/2,0,-,,1864.84244,0.0444587056,0.0444587056,,,,S032M,1,S032M,1864.84+-0.04,FC,true,charge-specific PDG property; exclusive decay S031.370; exclusive decay S031.414; exclusive decay S031.417; exclusive decay S031.421; exclusive decay S031.82; exclusive decay S032.1; exclusive decay S032.127; exclusive decay S032.128; exclusive decay S032.129; exclusive decay S032.131; exclusive decay S032.173; exclusive decay S032.175; exclusive decay S032.18; exclusive decay S032.183; exclusive decay S032.197; exclusive decay S032.2; exclusive decay S032.20; exclusive decay S032.212; exclusive decay S032.213; exclusive decay S032.214; exclusive decay S032.216; exclusive decay S032.217; exclusive decay S032.218; exclusive decay S032.219; exclusive decay S032.222; exclusive decay S032.225; exclusive decay S032.226; exclusive decay S032.227; exclusive decay S032.228; exclusive decay S032.229; exclusive decay S032.230; exclusive decay S032.231; exclusive decay S032.232; exclusive decay S032.233; exclusive decay S032.241; exclusive decay S032.243; exclusive decay S032.244; exclusive decay S032.245; exclusive decay S032.246; exclusive decay S032.247; exclusive decay S032.248; exclusive decay S032.253; exclusive decay S032.254; exclusive decay S032.255; exclusive decay S032.256; exclusive decay S032.257; exclusive decay S032.258; exclusive decay S032.259; exclusive decay S032.260; exclusive decay S032.261; exclusive decay S032.262; exclusive decay S032.263; exclusive decay S032.264; exclusive decay S032.265; exclusive decay S032.266; exclusive decay S032.267; exclusive decay S032.277; exclusive decay S032.28; exclusive decay S032.288; exclusive decay S032.29; exclusive decay S032.307; exclusive decay S032.308; exclusive decay S032.311; exclusive decay S032.314; exclusive decay S032.315; exclusive decay S032.316; exclusive decay S032.317; exclusive decay S032.318; exclusive decay S032.319; exclusive decay S032.327; exclusive decay S032.339; exclusive decay S032.343; exclusive decay S032.360; exclusive decay S032.380; exclusive decay S032.387; exclusive decay S032.388; exclusive decay S032.39; exclusive decay S032.394; exclusive decay S032.41; exclusive decay S032.45; exclusive decay S032.46; exclusive decay S032.49; exclusive decay S032.496; exclusive decay S032.498; exclusive decay S032.499; exclusive decay S032.5; exclusive decay S032.50; exclusive decay S032.500; exclusive decay S032.51; exclusive decay S032.52; exclusive decay S032.53; exclusive decay S032.549; exclusive decay S032.553; exclusive decay S032.554; exclusive decay S032.556; exclusive decay S032.559; exclusive decay S032.56; exclusive decay S032.562; exclusive decay S032.563; exclusive decay S032.57; exclusive decay S032.575; exclusive decay S032.577; exclusive decay S032.582; exclusive decay S032.583; exclusive decay S032.584; exclusive decay S032.585; exclusive decay S032.586; exclusive decay S032.587; exclusive decay S032.591; exclusive decay S032.592; exclusive decay S032.6; exclusive decay S032.601; exclusive decay S032.602; exclusive decay S032.606; exclusive decay S032.607; exclusive decay S032.608; exclusive decay S032.609; exclusive decay S032.610; exclusive decay S032.629; exclusive decay S032.63; exclusive decay S032.639; exclusive decay S032.640; exclusive decay S032.644; exclusive decay S032.66; exclusive decay S032.67; exclusive decay S032.7; exclusive decay S032.77; exclusive decay S032.8; exclusive decay S032.95; exclusive decay S032.96,2026,2026-09-19,PDG 2026,https://pdglive.lbl.gov/Particle.action?node=S031
D,D+,S031,S031;S032,2,411,1,1/2,0,-,,1869.66474,0.0468060224,0.0468060224,,,,S031M,1,S031M,1869.66+-0.05,FC,true,charge-specific PDG property; exclusive decay S031.1; exclusive decay S031.110; exclusive decay S031.111; exclusive decay S031.113; exclusive decay S031.114; exclusive decay S031.115; exclusive decay S031.116; exclusive decay S031.117; exclusive decay S031.118; exclusive decay S031.119; exclusive decay S031.120; exclusive decay S031.121; exclusive decay S031.122; exclusive decay S031.124; exclusive decay S031.14; exclusive decay S031.15; exclusive decay S031.154; exclusive decay S031.17; exclusive decay S031.179; exclusive decay S031.181; exclusive decay S031.184; exclusive decay S031.187; exclusive decay S031.188; exclusive decay S031.20; exclusive decay S031.200; exclusive decay S031.204; exclusive decay S031.206; exclusive decay S031.233; exclusive decay S031.234; exclusive decay S031.239; exclusive decay S031.240; exclusive decay S031.242; exclusive decay S031.243; exclusive decay S031.246; exclusive decay S031.247; exclusive decay S031.257; exclusive decay S031.265; exclusive decay S031.268; exclusive decay S031.281; exclusive decay S031.282; exclusive decay S031.284; exclusive decay S031.285; exclusive decay S031.289; exclusive decay S031.294; exclusive decay S031.295; exclusive decay S031.3; exclusive decay S031.315; exclusive decay S031.316; exclusive decay S031.317; exclusive decay S031.320; exclusive decay S031.321; exclusive decay S031.322; exclusive decay S031.325; exclusive decay S031.327; exclusive decay S031.328; exclusive decay S031.329; exclusive decay S031.331; exclusive decay S031.332; exclusive decay S031.334; exclusive decay S031.335; exclusive decay S031.34; exclusive decay S031.345; exclusive decay S031.349; exclusive decay S031.350; exclusive decay S031.351; exclusive decay S031.352; exclusive decay S031.353; exclusive decay S031.354; exclusive decay S031.355; exclusive decay S031.357; exclusive decay S031.358; exclusive decay S031.359; exclusive decay S031.360; exclusive decay S031.361; exclusive decay S031.362; exclusive decay S031.372; exclusive decay S031.374; exclusive decay S031.375; exclusive decay S031.378; exclusive decay S031.389; exclusive decay S031.397; exclusive decay S031.398; exclusive decay S031.4; exclusive decay S031.400; exclusive decay S031.404; exclusive decay S031.41; exclusive decay S031.42; exclusive decay S031.44; exclusive decay S031.47; exclusive decay S031.48; exclusive decay S031.49; exclusive decay S031.5; exclusive decay S031.50; exclusive decay S031.51; exclusive decay S031.52; exclusive decay S031.53; exclusive decay S031.6; exclusive decay S031.71; exclusive decay S031.88,2026,2026-09-19,PDG 2026,https://pdglive.lbl.gov/Particle.action?node=S031
D,D^*(2007)0,M061,M061;M062,1,423,0,1/2,1,-,,2006.85666,0.0537690148,0.0537690148,,,,M061M,1,M061M,2006.86+-0.05,FC,true,charge-specific PDG property; exclusive decay M061.1; exclusive decay M061.2; exclusive decay M061.3; exclusive decay M061.4; exclusive decay M061.5,2026,2026-09-19,PDG 2026,https://pdglive.lbl.gov/Particle.action?node=M061
D,D^*(2010)+,M062,M061;M062,2,413,1,1/2,1,-,,2010.26819,0.0444912456,0.0444912456,,,,M062M,1,M062M,2010.27+-0.04,FC,true,PDG charge-tagged measurement; charge-specific PDG property; exclusive decay M062.1; exclusive decay M062.2; exclusive decay M062.3; exclusive decay M062.5; exclusive decay M062.6,2026,2026-09-19,PDG 2026,https://pdglive.lbl.gov/Particle.action?node=M061
D,D_0^*(2300)0,M252,M252,1,10421,0,1/2,0,+,,2343.20408,9.65444208,9.65444208,,,,M252M,1,M252M,2343+-10,AC,true,PDG charge-tagged measurement,2026,2026-09-19,PDG 2026,https://pdglive.lbl.gov/Particle.action?node=M252
D,D_0^*(2300)+,M252,M252,2,10411,1,1/2,0,+,,2343.20408,9.65444208,9.65444208,,,,M252M,1,M252M,2343+-10,AC,true,PDG charge-tagged measurement,2026,2026-09-19,PDG 2026,https://pdglive.lbl.gov/Particle.action?node=M252
D,D_1(2420)0,M253,M253,1,10423,0,1/2,1,+,,2422.08249,0.575022827,0.575022827,,,,M253M,1,M253M,2422.1+-0.6,FC,true,PDG charge-tagged measurement,2026,2026-09-19,PDG 2026,https://pdglive.lbl.gov/Particle.action?node=M253
D,D_1(2420)+,M253,M253,2,10413,1,1/2,1,+,,2422.08249,0.575022827,0.575022827,,,,M253M,1,M253M,2422.1+-0.6,FC,true,PDG charge-tagged measurement; charge-specific PDG property,2026,2026-09-19,PDG 2026,https://pdglive.lbl.gov/Particle.action?node=M253
D,D_1(2430)0,M180,M180,1,20423,0,1/2,1,+,,2412.03523,9.17479434,9.17479434,,,,M180M,1,M180M,2412+-9,AC,true,charge-specific PDG property; exclusive decay M180.1,2026,2026-09-19,PDG 2026,https://pdglive.lbl.gov/Particle.action?node=M180
D,D_1(2430)+,M180,M180,2,20423,1,1/2,1,+,,2412.03523,9.17479434,9.17479434,,,,M180M,1,M180M,2412+-9,AC,false,,2026,2026-09-19,PDG 2026,https://pdglive.lbl.gov/Particle.action?node=M180
D,D_2^*(2460)0,M254,M254,1,425,0,1/2,2,+,,2461.13217,0.797518429,0.797518429,,,,M254M,1,M254M,2461.1+-0.8,FC,true,PDG charge-tagged measurement,2026,2026-09-19,PDG 2026,https://pdglive.lbl.gov/Particle.action?node=M254
D,D_2^*(2460)+,M254,M254,2,415,1,1/2,2,+,,2461.13217,0.797518429,0.797518429,,,,M254M,1,M254M,2461.1+-0.8,FC,true,PDG charge-tagged measurement; charge-specific PDG property,2026,2026-09-19,PDG 2026,https://pdglive.lbl.gov/Particle.action?node=M254
D,D_0(2550)0,M198,M198,1,,0,1/2,0,-,,2549.0035,19.0040028,19.0040028,,,,M198M,1,M198M,2549+-19,AC,true,charge-specific PDG property,2026,2026-09-19,PDG 2026,https://pdglive.lbl.gov/Particle.action?node=M198
D,D_0(2550)+,M198,M198,2,,1,1/2,0,-,,2549.0035,19.0040028,19.0040028,,,,M198M,1,M198M,2549+-19,AC,false,,2026,2026-09-19,PDG 2026,https://pdglive.lbl.gov/Particle.action?node=M198
D,D_1^*(2600)0,M199,M199,1,,0,1/2,1,-,,2627.35828,9.81282444,9.81282444,,,,M199M,1,M199M,2627+-10,AC,true,PDG charge-tagged measurement; charge-specific PDG property; exclusive decay M199.2,2026,2026-09-19,PDG 2026,https://pdglive.lbl.gov/Particle.action?node=M199
D,D_1^*(2600)+,M199,M199,2,,1,1/2,1,-,,2627.35828,9.81282444,9.81282444,,,,M199M,1,M199M,2627+-10,AC,true,PDG charge-tagged measurement,2026,2026-09-19,PDG 2026,https://pdglive.lbl.gov/Particle.action?node=M199
D,D^*(2640)0,M158,M158,1,,0,1/2,?,?,,2637,6.32455532,6.32455532,,,,M158M,1,M158M,2637+-6,AC,false,,2026,2026-09-19,PDG 2026,https://pdglive.lbl.gov/Particle.action?node=M158
D,D^*(2640)+,M158,M158,2,,1,1/2,?,?,,2637,6.32455532,6.32455532,,,,M158M,1,M158M,2637+-6,AC,true,charge-specific PDG property; exclusive decay M158.1,2026,2026-09-19,PDG 2026,https://pdglive.lbl.gov/Particle.action?node=M158
D,D_2(2740)0,M228,M228,1,,0,1/2,2,-,,2746.85058,6.39329307,6.39329307,,,,M228M,1,M228M,2747+-6,AC,true,charge-specific PDG property,2026,2026-09-19,PDG 2026,https://pdglive.lbl.gov/Particle.action?node=M228
D,D_2(2740)+,M228,M228,2,,1,1/2,2,-,,2746.85058,6.39329307,6.39329307,,,,M228M,1,M228M,2747+-6,AC,false,,2026,2026-09-19,PDG 2026,https://pdglive.lbl.gov/Particle.action?node=M228
D,D_3^*(2750)0,M203,M203,1,,0,1/2,3,-,,2763.07525,3.19085331,3.19085331,,,,M203M,1,M203M,2763.1+-3.2,AC,true,PDG charge-tagged measurement; exclusive decay M203.2,2026,2026-09-19,PDG 2026,https://pdglive.lbl.gov/Particle.action?node=M203
D,D_3^*(2750)+,M203,M203,2,,1,1/2,3,-,,2763.07525,3.19085331,3.19085331,,,,M203M,1,M203M,2763.1+-3.2,AC,true,PDG charge-tagged measurement,2026,2026-09-19,PDG 2026,https://pdglive.lbl.gov/Particle.action?node=M203
D,D_1^*(2760)0,M249,M249,1,,0,1/2,1,-,,2781,22.2036033,22.2036033,,,,M249M,1,M249M,2781+-22,AC,true,charge-specific PDG property; exclusive decay M249.1,2026,2026-09-19,PDG 2026,https://pdglive.lbl.gov/Particle.action?node=M249
D,D_1^*(2760)+,M249,M249,2,,1,1/2,1,-,,2781,22.2036033,22.2036033,,,,M249M,1,M249M,2781+-22,AC,false,,2026,2026-09-19,PDG 2026,https://pdglive.lbl.gov/Particle.action?node=M249
D,D_2^*(3000)0,M229,M229,1,,0,1/2,2,+,,3214,56.9385634,56.9385634,,,,M229M,1,M229M,3210+-60,AC,true,charge-specific PDG property,2026,2026-09-19,PDG 2026,https://pdglive.lbl.gov/Particle.action?node=M229
D,D_2^*(3000)+,M229,M229,2,,1,1/2,2,+,,3214,56.9385634,56.9385634,,,,M229M,1,M229M,3210+-60,AC,false,,2026,2026-09-19,PDG 2026,https://pdglive.lbl.gov/Particle.action?node=M229
Ds,D_s()+,S034,S034,1,431,1,0,0,-,,1968.35487,0.0678612095,0.0678612095,,,,S034M,1,S034M,1968.35+-0.07,FC,true,charge-specific PDG property; exclusive decay S034.1; exclusive decay S034.10; exclusive decay S034.100; exclusive decay S034.116; exclusive decay S034.118; exclusive decay S034.119; exclusive decay S034.120; exclusive decay S034.121; exclusive decay S034.124; exclusive decay S034.125; exclusive decay S034.126; exclusive decay S034.127; exclusive decay S034.128; exclusive decay S034.129; exclusive decay S034.130; exclusive decay S034.131; exclusive decay S034.132; exclusive decay S034.145; exclusive decay S034.146; exclusive decay S034.149; exclusive decay S034.15; exclusive decay S034.150; exclusive decay S034.153; exclusive decay S034.156; exclusive decay S034.157; exclusive decay S034.158; exclusive decay S034.159; exclusive decay S034.160; exclusive decay S034.164; exclusive decay S034.166; exclusive decay S034.167; exclusive decay S034.169; exclusive decay S034.17; exclusive decay S034.171; exclusive decay S034.18; exclusive decay S034.183; exclusive decay S034.19; exclusive decay S034.216; exclusive decay S034.217; exclusive decay S034.232; exclusive decay S034.24; exclusive decay S034.243; exclusive decay S034.247; exclusive decay S034.249; exclusive decay S034.250; exclusive decay S034.252; exclusive decay S034.266; exclusive decay S034.267; exclusive decay S034.27; exclusive decay S034.270; exclusive decay S034.271; exclusive decay S034.30; exclusive decay S034.40; exclusive decay S034.41; exclusive decay S034.42; exclusive decay S034.45; exclusive decay S034.46; exclusive decay S034.57; exclusive decay S034.59; exclusive decay S034.6; exclusive decay S034.61; exclusive decay S034.67; exclusive decay S034.7; exclusive decay S034.73; exclusive decay S034.74; exclusive decay S034.75; exclusive decay S034.76; exclusive decay S034.77; exclusive decay S034.78; exclusive decay S034.8; exclusive decay S034.82; exclusive decay S034.86; exclusive decay S034.89; exclusive decay S034.93; exclusive decay S034.94; exclusive decay S034.97; exclusive decay S034.98; exclusive decay S034.99,2026,2026-09-19,PDG 2026,https://pdglive.lbl.gov/Particle.action?node=S034
Ds,D_s^*()+,S074,S074,1,433,1,0,1,-,,2112.19804,0.395186709,0.395186709,,,,S074M,1,S074M,2112.2+-0.4,FC,true,charge-specific PDG property; exclusive decay S074.1; exclusive decay S074.2; exclusive decay S074.3; exclusive decay S074.4,2026,2026-09-19,PDG 2026,https://pdglive.lbl.gov/Particle.action?node=S074
Ds,D_s0^*(2317)+,M172,M172,1,10431,1,0,0,+,,2317.77499,0.510032964,0.510032964,,,,M172M,1,M172M,2317.8+-0.5,FC,true,charge-specific PDG property; exclusive decay M172.1; exclusive decay M172.2; exclusive decay M172.4; exclusive decay M172.6; exclusive decay M172.7,2026,2026-09-19,PDG 2026,https://pdglive.lbl.gov/Particle.action?node=M172
Ds,D_s1(2460)+,M173,M173,1,20433,1,0,1,+,,2459.50149,0.63443027,0.63443027,,,,M173M,1,M173M,2459.5+-0.6,FC,true,charge-specific PDG property; exclusive decay M173.1; exclusive decay M173.4; exclusive decay M173.5; exclusive decay M173.7; exclusive decay M173.8; exclusive decay M173.9,2026,2026-09-19,PDG 2026,https://pdglive.lbl.gov/Particle.action?node=M173
Ds,D_s1(2536)+,M121,M121,1,10433,1,0,1,+,,2535.11522,0.0603509775,0.0603509775,,,,M121M,1,M121M,2535.12+-0.06,FC,true,charge-specific PDG property; exclusive decay M121.1; exclusive decay M121.2; exclusive decay M121.3; exclusive decay M121.4; exclusive decay M121.5; exclusive decay M121.6; exclusive decay M121.8,2026,2026-09-19,PDG 2026,https://pdglive.lbl.gov/Particle.action?node=M121
Ds,D_s2^*(2573)+,M148,M148,1,435,1,0,2,+,,2569.11442,0.827806302,0.826498315,,,,M148M,1,M148M,2569.1+-0.8,AC,true,PDG charge-tagged measurement; exclusive decay M148.1; exclusive decay M148.2,2026,2026-09-19,PDG 2026,https://pdglive.lbl.gov/Particle.action?node=M148
Ds,D_s0(2590)+,M256,M256,1,,1,0,0,-,,2591,9.21954446,9.21954446,,,,M256M,1,M256M,2591+-9,AC,true,charge-specific PDG property; exclusive decay M256.1,2026,2026-09-19,PDG 2026,https://pdglive.lbl.gov/Particle.action?node=M256
Ds,D_s1^*(2700)+,M182,M182,1,,1,0,1,-,,2714.04518,5.33752619,4.57804727,,,,M182M,1,M182M,2714+-5,AC,true,charge-specific PDG property; exclusive decay M182.1; exclusive decay M182.5,2026,2026-09-19,PDG 2026,https://pdglive.lbl.gov/Particle.action?node=M182
Ds,D_s1^*(2860)+,M196,M196,1,,1,0,1,-,,2859,26.8328157,26.8328157,,,,M196M,1,M196M,2859+-27,AC,true,charge-specific PDG property; exclusive decay M196.2; exclusive decay M196.5,2026,2026-09-19,PDG 2026,https://pdglive.lbl.gov/Particle.action?node=M196
Ds,D_s3^*(2860)+,M226,M226,1,,1,0,3,-,,2860.5,7.00071425,7.00071425,,,,M226M,1,M226M,2860+-7,AC,true,charge-specific PDG property; exclusive decay M226.2; exclusive decay M226.5,2026,2026-09-19,PDG 2026,https://pdglive.lbl.gov/Particle.action?node=M226
Ds,D_sJ(3040)+,M197,M197,1,,1,0,?,?,,3044,31.0483494,9.43398113,,,,M197M,1,M197M,3044+31-9,AC,true,charge-specific PDG property; exclusive decay M197.2,2026,2026-09-19,PDG 2026,https://pdglive.lbl.gov/Particle.action?node=M197
B,B0,S042,S041;S042,1,511,0,1/2,0,-,,5279.7166,0.0843594309,0.0843594309,,,,S042M,1,S042M,5279.72+-0.08,FC,true,charge-specific PDG property; exclusive decay S042.1; exclusive decay S042.10; exclusive decay S042.103; exclusive decay S042.106; exclusive decay S042.108; exclusive decay S042.11; exclusive decay S042.112; exclusive decay S042.113; exclusive decay S042.114; exclusive decay S042.115; exclusive decay S042.116; exclusive decay S042.117; exclusive decay S042.118; exclusive decay S042.119; exclusive decay S042.12; exclusive decay S042.120; exclusive decay S042.128; exclusive decay S042.129; exclusive decay S042.13; exclusive decay S042.131; exclusive decay S042.132; exclusive decay S042.133; exclusive decay S042.134; exclusive decay S042.136; exclusive decay S042.137; exclusive decay S042.139; exclusive decay S042.14; exclusive decay S042.140; exclusive decay S042.141; exclusive decay S042.142; exclusive decay S042.143; exclusive decay S042.144; exclusive decay S042.146; exclusive decay S042.147; exclusive decay S042.148; exclusive decay S042.149; exclusive decay S042.15; exclusive decay S042.153; exclusive decay S042.154; exclusive decay S042.155; exclusive decay S042.157; exclusive decay S042.158; exclusive decay S042.159; exclusive decay S042.16; exclusive decay S042.160; exclusive decay S042.161; exclusive decay S042.162; exclusive decay S042.165; exclusive decay S042.166; exclusive decay S042.17; exclusive decay S042.171; exclusive decay S042.172; exclusive decay S042.173; exclusive decay S042.174; exclusive decay S042.176; exclusive decay S042.177; exclusive decay S042.178; exclusive decay S042.179; exclusive decay S042.18; exclusive decay S042.182; exclusive decay S042.183; exclusive decay S042.184; exclusive decay S042.185; exclusive decay S042.187; exclusive decay S042.188; exclusive decay S042.19; exclusive decay S042.191; exclusive decay S042.192; exclusive decay S042.193; exclusive decay S042.194; exclusive decay S042.195; exclusive decay S042.197; exclusive decay S042.198; exclusive decay S042.2; exclusive decay S042.20; exclusive decay S042.201; exclusive decay S042.202; exclusive decay S042.203; exclusive decay S042.204; exclusive decay S042.205; exclusive decay S042.206; exclusive decay S042.207; exclusive decay S042.209; exclusive decay S042.210; exclusive decay S042.211; exclusive decay S042.212; exclusive decay S042.213; exclusive decay S042.214; exclusive decay S042.216; exclusive decay S042.217; exclusive decay S042.218; exclusive decay S042.219; exclusive decay S042.22; exclusive decay S042.220; exclusive decay S042.223; exclusive decay S042.224; exclusive decay S042.226; exclusive decay S042.227; exclusive decay S042.228; exclusive decay S042.229; exclusive decay S042.23; exclusive decay S042.230; exclusive decay S042.231; exclusive decay S042.236; exclusive decay S042.238; exclusive decay S042.239; exclusive decay S042.241; exclusive decay S042.242; exclusive decay S042.243; exclusive decay S042.244; exclusive decay S042.245; exclusive decay S042.246; exclusive decay S042.247; exclusive decay S042.248; exclusive decay S042.249; exclusive decay S042.252; exclusive decay S042.26; exclusive decay S042.260; exclusive decay S042.261; exclusive decay S042.262; exclusive decay S042.263; exclusive decay S042.264; exclusive decay S042.266; exclusive decay S042.267; exclusive decay S042.269; exclusive decay S042.277; exclusive decay S042.279; exclusive decay S042.280; exclusive decay S042.283; exclusive decay S042.29; exclusive decay S042.30; exclusive decay S042.305; exclusive decay S042.306; exclusive decay S042.309; exclusive decay S042.310; exclusive decay S042.313; exclusive decay S042.314; exclusive decay S042.316; exclusive decay S042.317; exclusive decay S042.318; exclusive decay S042.319; exclusive decay S042.32; exclusive decay S042.322; exclusive decay S042.334; exclusive decay S042.335; exclusive decay S042.336; exclusive decay S042.343; exclusive decay S042.344; exclusive decay S042.345; exclusive decay S042.346; exclusive decay S042.35; exclusive decay S042.350; exclusive decay S042.351; exclusive decay S042.362; exclusive decay S042.368; exclusive decay S042.370; exclusive decay S042.376; exclusive decay S042.38; exclusive decay S042.380; exclusive decay S042.381; exclusive decay S042.39; exclusive decay S042.390; exclusive decay S042.398; exclusive decay S042.399; exclusive decay S042.4; exclusive decay S042.40; exclusive decay S042.400; exclusive decay S042.402; exclusive decay S042.403; exclusive decay S042.404; exclusive decay S042.405; exclusive decay S042.41; exclusive decay S042.412; exclusive decay S042.416; exclusive decay S042.417; exclusive decay S042.42; exclusive decay S042.424; exclusive decay S042.425; exclusive decay S042.426; exclusive decay S042.428; exclusive decay S042.429; exclusive decay S042.43; exclusive decay S042.432; exclusive decay S042.436; exclusive decay S042.437; exclusive decay S042.440; exclusive decay S042.448; exclusive decay S042.449; exclusive decay S042.461; exclusive decay S042.47; exclusive decay S042.472; exclusive decay S042.477; exclusive decay S042.478; exclusive decay S042.479; exclusive decay S042.481; exclusive decay S042.482; exclusive decay S042.488; exclusive decay S042.49; exclusive decay S042.491; exclusive decay S042.492; exclusive decay S042.498; exclusive decay S042.5; exclusive decay S042.50; exclusive decay S042.504; exclusive decay S042.507; exclusive decay S042.508; exclusive decay S042.509; exclusive decay S042.51; exclusive decay S042.510; exclusive decay S042.512; exclusive decay S042.516; exclusive decay S042.519; exclusive decay S042.52; exclusive decay S042.520; exclusive decay S042.521; exclusive decay S042.524; exclusive decay S042.525; exclusive decay S042.527; exclusive decay S042.53; exclusive decay S042.530; exclusive decay S042.532; exclusive decay S042.537; exclusive decay S042.54; exclusive decay S042.548; exclusive decay S042.549; exclusive decay S042.55; exclusive decay S042.550; exclusive decay S042.551; exclusive decay S042.552; exclusive decay S042.553; exclusive decay S042.56; exclusive decay S042.570; exclusive decay S042.571; exclusive decay S042.572; exclusive decay S042.573; exclusive decay S042.574; exclusive decay S042.578; exclusive decay S042.58; exclusive decay S042.580; exclusive decay S042.581; exclusive decay S042.582; exclusive decay S042.583; exclusive decay S042.59; exclusive decay S042.594; exclusive decay S042.596; exclusive decay S042.597; exclusive decay S042.598; exclusive decay S042.599; exclusive decay S042.6; exclusive decay S042.60; exclusive decay S042.600; exclusive decay S042.601; exclusive decay S042.605; exclusive decay S042.606; exclusive decay S042.607; exclusive decay S042.608; exclusive decay S042.609; exclusive decay S042.61; exclusive decay S042.613; exclusive decay S042.614; exclusive decay S042.615; exclusive decay S042.624; exclusive decay S042.625; exclusive decay S042.626; exclusive decay S042.627; exclusive decay S042.628; exclusive decay S042.629; exclusive decay S042.63; exclusive decay S042.638; exclusive decay S042.64; exclusive decay S042.641; exclusive decay S042.647; exclusive decay S042.648; exclusive decay S042.649; exclusive decay S042.65; exclusive decay S042.650; exclusive decay S042.652; exclusive decay S042.653; exclusive decay S042.658; exclusive decay S042.66; exclusive decay S042.67; exclusive decay S042.68; exclusive decay S042.69; exclusive decay S042.7; exclusive decay S042.70; exclusive decay S042.71; exclusive decay S042.72; exclusive decay S042.73; exclusive decay S042.74; exclusive decay S042.75; exclusive decay S042.76; exclusive decay S042.80; exclusive decay S042.81; exclusive decay S042.82; exclusive decay S042.83; exclusive decay S042.84; exclusive decay S042.85; exclusive decay S042.86; exclusive decay S042.87; exclusive decay S042.88; exclusive decay S042.91; exclusive decay S042.92; exclusive decay S042.93,2026,2026-09-19,PDG 2026,https://pdglive.lbl.gov/Particle.action?node=S041
B,B+,S041,S041;S042,2,521,1,1/2,0,-,,5279.406,0.0710879777,0.0710879777,,,,S041M,1,S041M,5279.41+-0.07,FC,true,charge-specific PDG property; exclusive decay S041.1; exclusive decay S041.10; exclusive decay S041.11; exclusive decay S041.12; exclusive decay S041.138; exclusive decay S041.14; exclusive decay S041.141; exclusive decay S041.142; exclusive decay S041.143; exclusive decay S041.144; exclusive decay S041.15; exclusive decay S041.150; exclusive decay S041.151; exclusive decay S041.152; exclusive decay S041.153; exclusive decay S041.154; exclusive decay S041.155; exclusive decay S041.156; exclusive decay S041.157; exclusive decay S041.158; exclusive decay S041.16; exclusive decay S041.160; exclusive decay S041.161; exclusive decay S041.162; exclusive decay S041.163; exclusive decay S041.164; exclusive decay S041.165; exclusive decay S041.167; exclusive decay S041.168; exclusive decay S041.17; exclusive decay S041.171; exclusive decay S041.175; exclusive decay S041.176; exclusive decay S041.177; exclusive decay S041.18; exclusive decay S041.182; exclusive decay S041.183; exclusive decay S041.184; exclusive decay S041.186; exclusive decay S041.187; exclusive decay S041.188; exclusive decay S041.19; exclusive decay S041.190; exclusive decay S041.192; exclusive decay S041.193; exclusive decay S041.194; exclusive decay S041.195; exclusive decay S041.196; exclusive decay S041.197; exclusive decay S041.198; exclusive decay S041.199; exclusive decay S041.2; exclusive decay S041.20; exclusive decay S041.200; exclusive decay S041.206; exclusive decay S041.207; exclusive decay S041.21; exclusive decay S041.211; exclusive decay S041.212; exclusive decay S041.214; exclusive decay S041.216; exclusive decay S041.22; exclusive decay S041.221; exclusive decay S041.222; exclusive decay S041.223; exclusive decay S041.225; exclusive decay S041.227; exclusive decay S041.234; exclusive decay S041.235; exclusive decay S041.236; exclusive decay S041.237; exclusive decay S041.238; exclusive decay S041.239; exclusive decay S041.240; exclusive decay S041.241; exclusive decay S041.245; exclusive decay S041.246; exclusive decay S041.251; exclusive decay S041.252; exclusive decay S041.254; exclusive decay S041.256; exclusive decay S041.259; exclusive decay S041.261; exclusive decay S041.263; exclusive decay S041.268; exclusive decay S041.269; exclusive decay S041.270; exclusive decay S041.274; exclusive decay S041.275; exclusive decay S041.276; exclusive decay S041.277; exclusive decay S041.279; exclusive decay S041.280; exclusive decay S041.282; exclusive decay S041.283; exclusive decay S041.284; exclusive decay S041.285; exclusive decay S041.286; exclusive decay S041.287; exclusive decay S041.288; exclusive decay S041.289; exclusive decay S041.290; exclusive decay S041.292; exclusive decay S041.293; exclusive decay S041.298; exclusive decay S041.299; exclusive decay S041.3; exclusive decay S041.303; exclusive decay S041.304; exclusive decay S041.305; exclusive decay S041.306; exclusive decay S041.307; exclusive decay S041.308; exclusive decay S041.309; exclusive decay S041.31; exclusive decay S041.311; exclusive decay S041.312; exclusive decay S041.313; exclusive decay S041.319; exclusive decay S041.32; exclusive decay S041.325; exclusive decay S041.328; exclusive decay S041.329; exclusive decay S041.33; exclusive decay S041.330; exclusive decay S041.331; exclusive decay S041.332; exclusive decay S041.333; exclusive decay S041.334; exclusive decay S041.335; exclusive decay S041.336; exclusive decay S041.337; exclusive decay S041.338; exclusive decay S041.339; exclusive decay S041.34; exclusive decay S041.347; exclusive decay S041.35; exclusive decay S041.353; exclusive decay S041.354; exclusive decay S041.360; exclusive decay S041.379; exclusive decay S041.395; exclusive decay S041.396; exclusive decay S041.398; exclusive decay S041.4; exclusive decay S041.403; exclusive decay S041.410; exclusive decay S041.411; exclusive decay S041.412; exclusive decay S041.422; exclusive decay S041.427; exclusive decay S041.432; exclusive decay S041.433; exclusive decay S041.438; exclusive decay S041.439; exclusive decay S041.440; exclusive decay S041.441; exclusive decay S041.442; exclusive decay S041.447; exclusive decay S041.448; exclusive decay S041.456; exclusive decay S041.457; exclusive decay S041.459; exclusive decay S041.467; exclusive decay S041.468; exclusive decay S041.469; exclusive decay S041.474; exclusive decay S041.494; exclusive decay S041.498; exclusive decay S041.499; exclusive decay S041.5; exclusive decay S041.501; exclusive decay S041.519; exclusive decay S041.520; exclusive decay S041.521; exclusive decay S041.524; exclusive decay S041.525; exclusive decay S041.526; exclusive decay S041.528; exclusive decay S041.529; exclusive decay S041.53; exclusive decay S041.531; exclusive decay S041.532; exclusive decay S041.54; exclusive decay S041.540; exclusive decay S041.55; exclusive decay S041.550; exclusive decay S041.56; exclusive decay S041.565; exclusive decay S041.567; exclusive decay S041.568; exclusive decay S041.569; exclusive decay S041.57; exclusive decay S041.570; exclusive decay S041.572; exclusive decay S041.573; exclusive decay S041.574; exclusive decay S041.577; exclusive decay S041.578; exclusive decay S041.58; exclusive decay S041.584; exclusive decay S041.586; exclusive decay S041.587; exclusive decay S041.589; exclusive decay S041.590; exclusive decay S041.592; exclusive decay S041.593; exclusive decay S041.595; exclusive decay S041.596; exclusive decay S041.6; exclusive decay S041.601; exclusive decay S041.605; exclusive decay S041.606; exclusive decay S041.607; exclusive decay S041.608; exclusive decay S041.609; exclusive decay S041.611; exclusive decay S041.612; exclusive decay S041.613; exclusive decay S041.614; exclusive decay S041.615; exclusive decay S041.617; exclusive decay S041.619; exclusive decay S041.63; exclusive decay S041.631; exclusive decay S041.632; exclusive decay S041.633; exclusive decay S041.634; exclusive decay S041.64; exclusive decay S041.643; exclusive decay S041.647; exclusive decay S041.665; exclusive decay S041.67; exclusive decay S041.678; exclusive decay S041.681; exclusive decay S041.685; exclusive decay S041.686; exclusive decay S041.687; exclusive decay S041.690; exclusive decay S041.693; exclusive decay S041.694; exclusive decay S041.7; exclusive decay S041.705; exclusive decay S041.709; exclusive decay S041.710; exclusive decay S041.711; exclusive decay S041.72; exclusive decay S041.721; exclusive decay S041.724; exclusive decay S041.725; exclusive decay S041.726; exclusive decay S041.729; exclusive decay S041.73; exclusive decay S041.732; exclusive decay S041.733; exclusive decay S041.734; exclusive decay S041.744; exclusive decay S041.75; exclusive decay S041.757; exclusive decay S041.77; exclusive decay S041.778; exclusive decay S041.78; exclusive decay S041.787; exclusive decay S041.788; exclusive decay S041.789; exclusive decay S041.79; exclusive decay S041.795; exclusive decay S041.797; exclusive decay S041.798; exclusive decay S041.8; exclusive decay S041.80; exclusive decay S041.808; exclusive decay S041.81; exclusive decay S041.815; exclusive decay S041.816; exclusive decay S041.817; exclusive decay S041.818; exclusive decay S041.819; exclusive decay S041.83; exclusive decay S041.834; exclusive decay S041.84; exclusive decay S041.848; exclusive decay S041.849; exclusive decay S041.85; exclusive decay S041.86; exclusive decay S041.87; exclusive decay S041.874; exclusive decay S041.88; exclusive decay S041.89; exclusive decay S041.9; exclusive decay S041.90; exclusive decay S041.91; exclusive decay S041.92; exclusive decay S041.93; exclusive decay S041.94; exclusive decay S041.95; exclusive decay S041.96,2026,2026-09-19,PDG 2026,https://pdglive.lbl.gov/Particle.action?node=S041
B,B^*0,S085,S085,1,513,0,1/2,1,-,,5324.74543,0.203385637,0.203385637,,,,S085M,1,S085M,5324.75+-0.20,FC,true,CMS first exclusive reconstruction of B*0,2026,2026-09-19,published experimental correction,https://cds.cern.ch/record/2939783
B,B^*+,S085,S085,2,523,1,1/2,1,-,,5324.74543,0.203385637,0.203385637,,,,S085M,1,S085M,5324.75+-0.20,FC,true,CMS first exclusive reconstruction of B*+,2026,2026-09-19,published experimental correction,https://cds.cern.ch/record/2939783
B,B_1(5721)0,M244,M244,1,,0,1/2,1,+,,5725.96432,2.45596778,2.72915141,,,,M244M+,2,M244M+;M244M0,5726.0+2.5-2.7 | 5726.1+-1.2,FC,true,PDG charge-tagged measurement; charge-specific PDG property,2026,2026-09-19,PDG 2026,https://pdglive.lbl.gov/Particle.action?node=M244
B,B_1(5721)+,M244,M244,2,,1,1/2,1,+,,5725.96432,2.45596778,2.72915141,,,,M244M+,2,M244M+;M244M0,5726.0+2.5-2.7 | 5726.1+-1.2,FC,true,PDG charge-tagged measurement; charge-specific PDG property,2026,2026-09-19,PDG 2026,https://pdglive.lbl.gov/Particle.action?node=M244
B,B_J^*(5732)0,M151,M151,1,,0,?,?,?,,5698.46996,7.58694682,7.69302547,,,,M151M,1,M151M,5698+-8,AC,true,,2026,2026-09-19,PDG 2026,https://pdglive.lbl.gov/Particle.action?node=M151
B,B_2^*(5747)0,M245,M245,1,515,0,1/2,2,+,,5737.25661,0.710601659,0.732065977,,,,M245M+,2,M245M+;M245M0,5737.3+-0.7 | 5739.6+-0.7,FC,true,PDG charge-tagged measurement; charge-specific PDG property,2026,2026-09-19,PDG 2026,https://pdglive.lbl.gov/Particle.action?node=M245
B,B_2^*(5747)+,M245,M245,2,525,1,1/2,2,+,,5737.25661,0.710601659,0.732065977,,,,M245M+,2,M245M+;M245M0,5737.3+-0.7 | 5739.6+-0.7,FC,true,PDG charge-tagged measurement; charge-specific PDG property,2026,2026-09-19,PDG 2026,https://pdglive.lbl.gov/Particle.action?node=M245
B,B_J(5840)0,M246,M246,1,,0,1/2,?,?,,5850.7166,19.1051594,19.1051594,,,,M246M+,2,M246M+;M246M0,5851+-19 | 5863+-9,FC,true,PDG charge-tagged measurement; charge-specific PDG property,2026,2026-09-19,PDG 2026,https://pdglive.lbl.gov/Particle.action?node=M246
B,B_J(5840)+,M246,M246,2,,1,1/2,?,?,,5850.7166,19.1051594,19.1051594,,,,M246M+,2,M246M+;M246M0,5851+-19 | 5863+-9,FC,true,PDG charge-tagged measurement; charge-specific PDG property,2026,2026-09-19,PDG 2026,https://pdglive.lbl.gov/Particle.action?node=M246
B,B_J(5970)0,M248,M248,1,,0,1/2,?,?,,5964.50032,4.50537231,4.50537231,,,,M248M+,2,M248M+;M248M0,5965+-5 | 5971+-5,FC,true,PDG charge-tagged measurement; charge-specific PDG property,2026,2026-09-19,PDG 2026,https://pdglive.lbl.gov/Particle.action?node=M248
B,B_J(5970)+,M248,M248,2,,1,1/2,?,?,,5964.50032,4.50537231,4.50537231,,,,M248M+,2,M248M+;M248M0,5965+-5 | 5971+-5,FC,true,PDG charge-tagged measurement; charge-specific PDG property,2026,2026-09-19,PDG 2026,https://pdglive.lbl.gov/Particle.action?node=M248
Bs,B_s()0,S086,S086,1,531,0,0,0,-,,5366.93193,0.0993516739,0.0993516739,,,,S086M,1,S086M,5366.93+-0.10,FC,true,charge-specific PDG property; exclusive decay S086.10; exclusive decay S086.11; exclusive decay S086.112; exclusive decay S086.117; exclusive decay S086.118; exclusive decay S086.119; exclusive decay S086.12; exclusive decay S086.122; exclusive decay S086.123; exclusive decay S086.124; exclusive decay S086.125; exclusive decay S086.13; exclusive decay S086.130; exclusive decay S086.133; exclusive decay S086.134; exclusive decay S086.135; exclusive decay S086.136; exclusive decay S086.137; exclusive decay S086.14; exclusive decay S086.140; exclusive decay S086.141; exclusive decay S086.142; exclusive decay S086.143; exclusive decay S086.15; exclusive decay S086.150; exclusive decay S086.151; exclusive decay S086.152; exclusive decay S086.154; exclusive decay S086.159; exclusive decay S086.16; exclusive decay S086.165; exclusive decay S086.166; exclusive decay S086.17; exclusive decay S086.170; exclusive decay S086.173; exclusive decay S086.178; exclusive decay S086.179; exclusive decay S086.18; exclusive decay S086.182; exclusive decay S086.183; exclusive decay S086.184; exclusive decay S086.185; exclusive decay S086.186; exclusive decay S086.187; exclusive decay S086.188; exclusive decay S086.189; exclusive decay S086.190; exclusive decay S086.197; exclusive decay S086.20; exclusive decay S086.21; exclusive decay S086.22; exclusive decay S086.25; exclusive decay S086.26; exclusive decay S086.27; exclusive decay S086.28; exclusive decay S086.29; exclusive decay S086.30; exclusive decay S086.32; exclusive decay S086.33; exclusive decay S086.35; exclusive decay S086.38; exclusive decay S086.40; exclusive decay S086.45; exclusive decay S086.48; exclusive decay S086.5; exclusive decay S086.51; exclusive decay S086.52; exclusive decay S086.57; exclusive decay S086.59; exclusive decay S086.6; exclusive decay S086.60; exclusive decay S086.61; exclusive decay S086.63; exclusive decay S086.65; exclusive decay S086.66; exclusive decay S086.67; exclusive decay S086.7; exclusive decay S086.71; exclusive decay S086.72; exclusive decay S086.73; exclusive decay S086.74; exclusive decay S086.75; exclusive decay S086.77; exclusive decay S086.80; exclusive decay S086.81; exclusive decay S086.9; exclusive decay S086.96,2026,2026-09-19,PDG 2026,https://pdglive.lbl.gov/Particle.action?node=S086
Bs,B_s^*0,S087,S087,1,533,0,0,1,-,,5415.4421,1.43538924,1.43538924,,,,S087M,1,S087M,5415.4+-1.4,FC,true,,2026,2026-09-19,PDG 2026,https://pdglive.lbl.gov/Particle.action?node=S087
Bs,B_s1(5830)0,M187,M187,1,,0,0,1,+,,5828.7261,0.19651552,0.19651552,,,,M187M,1,M187M,5828.73+-0.20,FC,true,charge-specific PDG property,2026,2026-09-19,PDG 2026,https://pdglive.lbl.gov/Particle.action?node=M187
Bs,B_s2^*(5840)0,M186,M186,1,535,0,0,2,+,,5839.88165,0.115984228,0.115984228,,,,M186M,1,M186M,5839.88+-0.12,FC,true,charge-specific PDG property; exclusive decay M186.1,2026,2026-09-19,PDG 2026,https://pdglive.lbl.gov/Particle.action?node=M186
Bs,B_sJ^*(5850)0,M153,M153,1,,0,?,?,?,,5853,15,15,,,,M153M,1,M153M,5853+-15,AC,true,,2026,2026-09-19,PDG 2026,https://pdglive.lbl.gov/Particle.action?node=M153
Bs,B_sJ(6063)0,M257,M257,1,,0,0,?,?,,6063.5,1.44222051,1.44222051,,,,M257M,1,M257M,6063.5+-1.4,AC,true,charge-specific PDG property; exclusive decay M257.1,2026,2026-09-19,PDG 2026,https://pdglive.lbl.gov/Particle.action?node=M257
Bs,B_sJ(6114)0,M258,M258,1,,0,0,?,?,,6114,5.83095189,5.83095189,,,,M258M,1,M258M,6114+-6,AC,true,charge-specific PDG property; exclusive decay M258.1,2026,2026-09-19,PDG 2026,https://pdglive.lbl.gov/Particle.action?node=M258
Bc,B_c()+,S091,S091,1,541,1,0,0,-,,6274.47,0.319061123,0.319061123,,,,S091M,1,S091M,6274.47+-0.32,AC,true,charge-specific PDG property; exclusive decay S091.10; exclusive decay S091.11; exclusive decay S091.12; exclusive decay S091.13; exclusive decay S091.14; exclusive decay S091.15; exclusive decay S091.17; exclusive decay S091.18; exclusive decay S091.19; exclusive decay S091.2; exclusive decay S091.20; exclusive decay S091.21; exclusive decay S091.22; exclusive decay S091.23; exclusive decay S091.24; exclusive decay S091.25; exclusive decay S091.27; exclusive decay S091.28; exclusive decay S091.29; exclusive decay S091.3; exclusive decay S091.31; exclusive decay S091.32; exclusive decay S091.33; exclusive decay S091.35; exclusive decay S091.36; exclusive decay S091.37; exclusive decay S091.38; exclusive decay S091.39; exclusive decay S091.40; exclusive decay S091.41; exclusive decay S091.42; exclusive decay S091.44; exclusive decay S091.45; exclusive decay S091.46; exclusive decay S091.47; exclusive decay S091.48; exclusive decay S091.5; exclusive decay S091.51; exclusive decay S091.52; exclusive decay S091.53; exclusive decay S091.54; exclusive decay S091.55; exclusive decay S091.56; exclusive decay S091.59; exclusive decay S091.6; exclusive decay S091.60; exclusive decay S091.7; exclusive decay S091.8; exclusive decay S091.9,2026,2026-09-19,PDG 2026,https://pdglive.lbl.gov/Particle.action?node=S091
Bc,B_c(1P)+,M271,M271,1,,1,0,?,?,,,,,,,,,0,,,,true,charge-specific PDG property,2026,2026-09-19,PDG 2026,https://pdglive.lbl.gov/Particle.action?node=M271
Bc,B_c(2S)+,M217,M217,1,,1,0,0,-,,6871.17529,1.01845458,1.01845458,,,,M217M,1,M217M,6871.2+-1.0,AC,true,charge-specific PDG property; exclusive decay M217.1,2026,2026-09-19,PDG 2026,https://pdglive.lbl.gov/Particle.action?node=M217
charmonium,eta_c(1S),M026,M026,1,441,0,0,0,-,+,2984.09492,0.296771048,0.30021032,,,,M026M,1,M026M,2984.09+-0.30,AC,true,exclusive decay M026.100; exclusive decay M026.11; exclusive decay M026.12; exclusive decay M026.13; exclusive decay M026.15; exclusive decay M026.16; exclusive decay M026.17; exclusive decay M026.20; exclusive decay M026.27; exclusive decay M026.28; exclusive decay M026.31; exclusive decay M026.47; exclusive decay M026.51; exclusive decay M026.52; exclusive decay M026.53; exclusive decay M026.55; exclusive decay M026.56; exclusive decay M026.57; exclusive decay M026.58; exclusive decay M026.60; exclusive decay M026.61; exclusive decay M026.63; exclusive decay M026.64; exclusive decay M026.65; exclusive decay M026.66; exclusive decay M026.67; exclusive decay M026.81; exclusive decay M026.99,2026,2026-09-19,PDG 2026,https://pdglive.lbl.gov/Particle.action?node=M026
charmonium,J/psi(1S),M070,M070,1,443,0,0,1,-,-,3096.90035,0.00618588113,0.00618588113,,,,M070M,1,M070M,3096.900+-0.006,AC,true,exclusive decay M070.1; exclusive decay M070.10; exclusive decay M070.108; exclusive decay M070.11; exclusive decay M070.112; exclusive decay M070.12; exclusive decay M070.127; exclusive decay M070.13; exclusive decay M070.140; exclusive decay M070.143; exclusive decay M070.16; exclusive decay M070.160; exclusive decay M070.17; exclusive decay M070.18; exclusive decay M070.19; exclusive decay M070.2; exclusive decay M070.201; exclusive decay M070.202; exclusive decay M070.21; exclusive decay M070.210; exclusive decay M070.211; exclusive decay M070.231; exclusive decay M070.234; exclusive decay M070.238; exclusive decay M070.239; exclusive decay M070.24; exclusive decay M070.244; exclusive decay M070.245; exclusive decay M070.247; exclusive decay M070.248; exclusive decay M070.249; exclusive decay M070.250; exclusive decay M070.252; exclusive decay M070.26; exclusive decay M070.271; exclusive decay M070.272; exclusive decay M070.277; exclusive decay M070.283; exclusive decay M070.292; exclusive decay M070.295; exclusive decay M070.30; exclusive decay M070.309; exclusive decay M070.32; exclusive decay M070.321; exclusive decay M070.33; exclusive decay M070.330; exclusive decay M070.334; exclusive decay M070.338; exclusive decay M070.339; exclusive decay M070.34; exclusive decay M070.35; exclusive decay M070.358; exclusive decay M070.359; exclusive decay M070.360; exclusive decay M070.37; exclusive decay M070.381; exclusive decay M070.382; exclusive decay M070.383; exclusive decay M070.384; exclusive decay M070.411; exclusive decay M070.412; exclusive decay M070.418; exclusive decay M070.420; exclusive decay M070.441; exclusive decay M070.443; exclusive decay M070.444; exclusive decay M070.448; exclusive decay M070.452; exclusive decay M070.455; exclusive decay M070.46; exclusive decay M070.460; exclusive decay M070.47; exclusive decay M070.471; exclusive decay M070.472; exclusive decay M070.473; exclusive decay M070.478; exclusive decay M070.5; exclusive decay M070.50; exclusive decay M070.52; exclusive decay M070.53; exclusive decay M070.54; exclusive decay M070.55; exclusive decay M070.56; exclusive decay M070.58; exclusive decay M070.6; exclusive decay M070.62; exclusive decay M070.63; exclusive decay M070.64; exclusive decay M070.65; exclusive decay M070.66; exclusive decay M070.7; exclusive decay M070.70; exclusive decay M070.73; exclusive decay M070.74; exclusive decay M070.76; exclusive decay M070.8; exclusive decay M070.80; exclusive decay M070.81; exclusive decay M070.82; exclusive decay M070.83; exclusive decay M070.85; exclusive decay M070.9; exclusive decay M070.90; exclusive decay M070.93; exclusive decay M070.95; exclusive decay M070.97; exclusive decay M070.98; exclusive decay M070.99,2026,2026-09-19,PDG 2026,https://pdglive.lbl.gov/Particle.action?node=M070
charmonium,chi_c0(1P),M056,M056,1,10441,0,0,0,+,+,3415.49731,0.193118292,0.192405279,,,,M056M,1,M056M,3415.50+-0.19,AC,true,exclusive decay M056.103; exclusive decay M056.109; exclusive decay M056.11; exclusive decay M056.110; exclusive decay M056.112; exclusive decay M056.113; exclusive decay M056.114; exclusive decay M056.13; exclusive decay M056.14; exclusive decay M056.16; exclusive decay M056.2; exclusive decay M056.21; exclusive decay M056.22; exclusive decay M056.3; exclusive decay M056.35; exclusive decay M056.39; exclusive decay M056.4; exclusive decay M056.43; exclusive decay M056.44; exclusive decay M056.47; exclusive decay M056.48; exclusive decay M056.5; exclusive decay M056.50; exclusive decay M056.51; exclusive decay M056.52; exclusive decay M056.54; exclusive decay M056.55; exclusive decay M056.56; exclusive decay M056.57; exclusive decay M056.58; exclusive decay M056.59; exclusive decay M056.6; exclusive decay M056.60; exclusive decay M056.61; exclusive decay M056.63; exclusive decay M056.64; exclusive decay M056.68; exclusive decay M056.69; exclusive decay M056.7; exclusive decay M056.70; exclusive decay M056.74; exclusive decay M056.75; exclusive decay M056.76; exclusive decay M056.8; exclusive decay M056.80; exclusive decay M056.81; exclusive decay M056.82; exclusive decay M056.83; exclusive decay M056.84; exclusive decay M056.88; exclusive decay M056.89; exclusive decay M056.9; exclusive decay M056.92; exclusive decay M056.93; exclusive decay M056.95; exclusive decay M056.96; exclusive decay M056.99,2026,2026-09-19,PDG 2026,https://pdglive.lbl.gov/Particle.action?node=M056
charmonium,chi_c1(1P),M055,M055,1,20443,0,0,1,+,+,3510.6696,0.0507397508,0.0507397508,,,,M055M,1,M055M,3510.67+-0.05,AC,true,exclusive decay M055.1; exclusive decay M055.100; exclusive decay M055.103; exclusive decay M055.104; exclusive decay M055.107; exclusive decay M055.11; exclusive decay M055.110; exclusive decay M055.113; exclusive decay M055.122; exclusive decay M055.123; exclusive decay M055.125; exclusive decay M055.126; exclusive decay M055.127; exclusive decay M055.14; exclusive decay M055.21; exclusive decay M055.26; exclusive decay M055.30; exclusive decay M055.31; exclusive decay M055.38; exclusive decay M055.39; exclusive decay M055.4; exclusive decay M055.42; exclusive decay M055.43; exclusive decay M055.45; exclusive decay M055.46; exclusive decay M055.47; exclusive decay M055.48; exclusive decay M055.49; exclusive decay M055.5; exclusive decay M055.50; exclusive decay M055.51; exclusive decay M055.53; exclusive decay M055.54; exclusive decay M055.58; exclusive decay M055.59; exclusive decay M055.6; exclusive decay M055.60; exclusive decay M055.65; exclusive decay M055.66; exclusive decay M055.67; exclusive decay M055.68; exclusive decay M055.7; exclusive decay M055.72; exclusive decay M055.73; exclusive decay M055.74; exclusive decay M055.75; exclusive decay M055.76; exclusive decay M055.77; exclusive decay M055.79; exclusive decay M055.8; exclusive decay M055.81; exclusive decay M055.82; exclusive decay M055.9; exclusive decay M055.91,2026,2026-09-19,PDG 2026,https://pdglive.lbl.gov/Particle.action?node=M055
charmonium,h_c(1P),M144,M144,1,10443,0,0,1,+,-,3525.3676,0.144734638,0.144734638,,,,M144M,1,M144M,3525.37+-0.14,AC,true,exclusive decay M144.1; exclusive decay M144.10; exclusive decay M144.11; exclusive decay M144.12; exclusive decay M144.13; exclusive decay M144.14; exclusive decay M144.15; exclusive decay M144.16; exclusive decay M144.17; exclusive decay M144.18; exclusive decay M144.19; exclusive decay M144.20; exclusive decay M144.23; exclusive decay M144.24; exclusive decay M144.25; exclusive decay M144.28; exclusive decay M144.29; exclusive decay M144.3; exclusive decay M144.30; exclusive decay M144.31; exclusive decay M144.32; exclusive decay M144.33; exclusive decay M144.34; exclusive decay M144.35; exclusive decay M144.37; exclusive decay M144.38; exclusive decay M144.4; exclusive decay M144.5; exclusive decay M144.6; exclusive decay M144.7; exclusive decay M144.9,2026,2026-09-19,PDG 2026,https://pdglive.lbl.gov/Particle.action?node=M144
charmonium,chi_c2(1P),M057,M057,1,445,0,0,2,+,+,3556.1682,0.0716120325,0.0716120325,,,,M057M,1,M057M,3556.17+-0.07,AC,true,exclusive decay M057.102; exclusive decay M057.106; exclusive decay M057.11; exclusive decay M057.112; exclusive decay M057.113; exclusive decay M057.115; exclusive decay M057.116; exclusive decay M057.117; exclusive decay M057.12; exclusive decay M057.14; exclusive decay M057.16; exclusive decay M057.2; exclusive decay M057.21; exclusive decay M057.24; exclusive decay M057.25; exclusive decay M057.26; exclusive decay M057.3; exclusive decay M057.31; exclusive decay M057.32; exclusive decay M057.36; exclusive decay M057.37; exclusive decay M057.39; exclusive decay M057.4; exclusive decay M057.40; exclusive decay M057.41; exclusive decay M057.44; exclusive decay M057.45; exclusive decay M057.46; exclusive decay M057.47; exclusive decay M057.48; exclusive decay M057.49; exclusive decay M057.5; exclusive decay M057.50; exclusive decay M057.52; exclusive decay M057.53; exclusive decay M057.59; exclusive decay M057.6; exclusive decay M057.61; exclusive decay M057.62; exclusive decay M057.66; exclusive decay M057.67; exclusive decay M057.68; exclusive decay M057.69; exclusive decay M057.7; exclusive decay M057.73; exclusive decay M057.74; exclusive decay M057.75; exclusive decay M057.76; exclusive decay M057.77; exclusive decay M057.79; exclusive decay M057.8; exclusive decay M057.80; exclusive decay M057.84; exclusive decay M057.86; exclusive decay M057.9; exclusive decay M057.93; exclusive decay M057.98; exclusive decay M057.99,2026,2026-09-19,PDG 2026,https://pdglive.lbl.gov/Particle.action?node=M057
charmonium,eta_c(2S),M059,M059,1,100441,0,0,0,-,+,3637.76284,0.617597636,0.620048768,,,,M059M,1,M059M,3637.8+-0.6,AC,true,exclusive decay M059.10; exclusive decay M059.12; exclusive decay M059.15; exclusive decay M059.16; exclusive decay M059.17; exclusive decay M059.18; exclusive decay M059.2; exclusive decay M059.21; exclusive decay M059.22; exclusive decay M059.3; exclusive decay M059.30; exclusive decay M059.31; exclusive decay M059.33; exclusive decay M059.34; exclusive decay M059.5; exclusive decay M059.6; exclusive decay M059.7; exclusive decay M059.8; exclusive decay M059.9,2026,2026-09-19,PDG 2026,https://pdglive.lbl.gov/Particle.action?node=M059
charmonium,psi(2S),M071,M071,1,100443,0,0,1,-,-,3686.09736,0.0105531012,0.0105531012,,,,M071M,1,M071M,3686.097+-0.011,FC,true,exclusive decay M071.1; exclusive decay M071.13; exclusive decay M071.14; exclusive decay M071.15; exclusive decay M071.18; exclusive decay M071.193; exclusive decay M071.2; exclusive decay M071.200; exclusive decay M071.202; exclusive decay M071.203; exclusive decay M071.205; exclusive decay M071.206; exclusive decay M071.208; exclusive decay M071.209; exclusive decay M071.21; exclusive decay M071.210; exclusive decay M071.211; exclusive decay M071.212; exclusive decay M071.221; exclusive decay M071.222; exclusive decay M071.223; exclusive decay M071.224; exclusive decay M071.228; exclusive decay M071.23; exclusive decay M071.230; exclusive decay M071.24; exclusive decay M071.240; exclusive decay M071.241; exclusive decay M071.243; exclusive decay M071.245; exclusive decay M071.246; exclusive decay M071.247; exclusive decay M071.248; exclusive decay M071.249; exclusive decay M071.25; exclusive decay M071.250; exclusive decay M071.251; exclusive decay M071.252; exclusive decay M071.254; exclusive decay M071.255; exclusive decay M071.256; exclusive decay M071.26; exclusive decay M071.261; exclusive decay M071.266; exclusive decay M071.267; exclusive decay M071.268; exclusive decay M071.269; exclusive decay M071.27; exclusive decay M071.270; exclusive decay M071.271; exclusive decay M071.272; exclusive decay M071.273; exclusive decay M071.278; exclusive decay M071.279; exclusive decay M071.29; exclusive decay M071.297; exclusive decay M071.298; exclusive decay M071.299; exclusive decay M071.300; exclusive decay M071.301; exclusive decay M071.302; exclusive decay M071.309; exclusive decay M071.31; exclusive decay M071.312; exclusive decay M071.313; exclusive decay M071.314; exclusive decay M071.32; exclusive decay M071.322; exclusive decay M071.323; exclusive decay M071.327; exclusive decay M071.328; exclusive decay M071.329; exclusive decay M071.33; exclusive decay M071.331; exclusive decay M071.335; exclusive decay M071.338; exclusive decay M071.339; exclusive decay M071.341; exclusive decay M071.344; exclusive decay M071.345; exclusive decay M071.35; exclusive decay M071.350; exclusive decay M071.351; exclusive decay M071.354; exclusive decay M071.36; exclusive decay M071.360; exclusive decay M071.367; exclusive decay M071.368; exclusive decay M071.37; exclusive decay M071.38; exclusive decay M071.51; exclusive decay M071.52; exclusive decay M071.53; exclusive decay M071.56; exclusive decay M071.58; exclusive decay M071.59; exclusive decay M071.61; exclusive decay M071.63; exclusive decay M071.66; exclusive decay M071.68; exclusive decay M071.71; exclusive decay M071.72; exclusive decay M071.73; exclusive decay M071.74; exclusive decay M071.75; exclusive decay M071.76; exclusive decay M071.77; exclusive decay M071.78; exclusive decay M071.79; exclusive decay M071.80; exclusive decay M071.89; exclusive decay M071.92; exclusive decay M071.95; exclusive decay M071.96,2026,2026-09-19,PDG 2026,https://pdglive.lbl.gov/Particle.action?node=M071
charmonium,psi(3770),M053,M053,1,30443,0,0,1,-,-,3773.6771,0.695751164,0.695751164,,,,M053M,1,M053M,3773.7+-0.7,FC,true,exclusive decay M053.1; exclusive decay M053.11; exclusive decay M053.12; exclusive decay M053.13; exclusive decay M053.14; exclusive decay M053.206; exclusive decay M053.207; exclusive decay M053.208; exclusive decay M053.209; exclusive decay M053.21; exclusive decay M053.210; exclusive decay M053.211; exclusive decay M053.212; exclusive decay M053.22; exclusive decay M053.221; exclusive decay M053.222; exclusive decay M053.223; exclusive decay M053.224; exclusive decay M053.225; exclusive decay M053.227; exclusive decay M053.228; exclusive decay M053.23; exclusive decay M053.230; exclusive decay M053.232; exclusive decay M053.233; exclusive decay M053.234; exclusive decay M053.236; exclusive decay M053.24; exclusive decay M053.27; exclusive decay M053.28; exclusive decay M053.30; exclusive decay M053.31; exclusive decay M053.32; exclusive decay M053.33; exclusive decay M053.34; exclusive decay M053.35; exclusive decay M053.36; exclusive decay M053.37; exclusive decay M053.38; exclusive decay M053.39; exclusive decay M053.4; exclusive decay M053.40; exclusive decay M053.41; exclusive decay M053.46; exclusive decay M053.47; exclusive decay M053.48; exclusive decay M053.5; exclusive decay M053.52; exclusive decay M053.53; exclusive decay M053.54; exclusive decay M053.55; exclusive decay M053.57; exclusive decay M053.58; exclusive decay M053.59; exclusive decay M053.6; exclusive decay M053.61; exclusive decay M053.62; exclusive decay M053.63; exclusive decay M053.64; exclusive decay M053.65; exclusive decay M053.66; exclusive decay M053.67; exclusive decay M053.69; exclusive decay M053.8; exclusive decay M053.9,2026,2026-09-19,PDG 2026,https://pdglive.lbl.gov/Particle.action?node=M053
charmonium,psi_2(3823),M212,M212,1,,0,0,2,-,-,3823.51009,0.339047069,0.339047069,,,,M212M,1,M212M,3823.51+-0.34,AC,true,exclusive decay M212.3; exclusive decay M212.5; exclusive decay M212.6; exclusive decay M212.7,2026,2026-09-19,PDG 2026,https://pdglive.lbl.gov/Particle.action?node=M212
charmonium,psi_3(3842),M241,M241,1,,0,0,3,-,-,3842.71,0.2,0.2,,,,M241M,1,M241M,3842.71+-0.20,AC,true,exclusive decay M241.1; exclusive decay M241.2,2026,2026-09-19,PDG 2026,https://pdglive.lbl.gov/Particle.action?node=M241
charmonium,chi_c0(3860),M237,M237,1,,0,0,0,+,+,3862,47.7074418,34.5398321,,,,M237M,1,M237M,3862+50-35,AC,true,exclusive decay M237.1; exclusive decay M237.2,2026,2026-09-19,PDG 2026,https://pdglive.lbl.gov/Particle.action?node=M237
charmonium,chi_c1(3872),M176,M176,1,,0,0,1,+,+,3871.63728,0.057098859,0.0570958384,,,,M176M,1,M176M,3871.64+-0.06,AC,true,exclusive decay M176.1; exclusive decay M176.11; exclusive decay M176.12; exclusive decay M176.13; exclusive decay M176.14; exclusive decay M176.16; exclusive decay M176.2; exclusive decay M176.21; exclusive decay M176.23; exclusive decay M176.24; exclusive decay M176.25; exclusive decay M176.26; exclusive decay M176.29; exclusive decay M176.32; exclusive decay M176.34; exclusive decay M176.35; exclusive decay M176.4; exclusive decay M176.5; exclusive decay M176.6; exclusive decay M176.7; exclusive decay M176.8; exclusive decay M176.9,2026,2026-09-19,PDG 2026,https://pdglive.lbl.gov/Particle.action?node=M176
charmonium,chi_c0(3915),M159,M159,1,,0,0,0,+,+,3922.0576,1.7730705,1.76036183,,,,M159M,1,M159M,3922.1+-1.8,AC,true,exclusive decay M159.1; exclusive decay M159.10; exclusive decay M159.11; exclusive decay M159.2; exclusive decay M159.3; exclusive decay M159.4; exclusive decay M159.9,2026,2026-09-19,PDG 2026,https://pdglive.lbl.gov/Particle.action?node=M159
charmonium,chi_c2(3930),M050,M050,1,100445,0,0,2,+,+,3922.46088,1.01989449,1.01989449,,,,M050M,1,M050M,3922.5+-1.0,AC,true,exclusive decay M050.1; exclusive decay M050.3; exclusive decay M050.4; exclusive decay M050.6; exclusive decay M050.7,2026,2026-09-19,PDG 2026,https://pdglive.lbl.gov/Particle.action?node=M050
charmonium,X(3940),M029,M029,1,,0,?,?,?,?,3942.15481,9.042769,8.21416393,,,,M029M,1,M029M,3942+-9,AC,true,exclusive decay M029.3,2026,2026-09-19,PDG 2026,https://pdglive.lbl.gov/Particle.action?node=M029
charmonium,psi(4040),M072,M072,1,9000443,0,0,1,-,-,4039.6,4.3,4.3,,,,M072M,1,M072M,4040+-4,AC,true,exclusive decay M072.1; exclusive decay M072.10; exclusive decay M072.11; exclusive decay M072.16; exclusive decay M072.18; exclusive decay M072.22; exclusive decay M072.27; exclusive decay M072.28; exclusive decay M072.3; exclusive decay M072.32; exclusive decay M072.33; exclusive decay M072.35; exclusive decay M072.37; exclusive decay M072.38; exclusive decay M072.5; exclusive decay M072.6; exclusive decay M072.7; exclusive decay M072.8; exclusive decay M072.9,2026,2026-09-19,PDG 2026,https://pdglive.lbl.gov/Particle.action?node=M072
charmonium,chi_c1(4140),M193,M193,1,,0,0,1,+,+,4146.54883,2.98854241,3.00161533,,,,M193M,1,M193M,4146.5+-3.0,AC,true,exclusive decay M193.1; exclusive decay M193.2,2026,2026-09-19,PDG 2026,https://pdglive.lbl.gov/Particle.action?node=M193
charmonium,psi(4160),M025,M025,1,9010443,0,0,1,-,-,4191.31796,5.19599833,4.98020846,,,,M025M,1,M025M,4191+-5,AC,true,exclusive decay M025.1; exclusive decay M025.14; exclusive decay M025.16; exclusive decay M025.17; exclusive decay M025.2; exclusive decay M025.22; exclusive decay M025.23; exclusive decay M025.27; exclusive decay M025.29; exclusive decay M025.3; exclusive decay M025.30; exclusive decay M025.31; exclusive decay M025.32; exclusive decay M025.33; exclusive decay M025.4; exclusive decay M025.42; exclusive decay M025.44; exclusive decay M025.45; exclusive decay M025.47; exclusive decay M025.48; exclusive decay M025.49; exclusive decay M025.5; exclusive decay M025.50; exclusive decay M025.52; exclusive decay M025.55; exclusive decay M025.56; exclusive decay M025.6; exclusive decay M025.8; exclusive decay M025.9,2026,2026-09-19,PDG 2026,https://pdglive.lbl.gov/Particle.action?node=M025
charmonium,X(4160),M190,M190,1,,0,?,?,?,?,4152.65365,23.0376548,20.8165618,,,,M190M,1,M190M,4153+23-21,AC,true,exclusive decay M190.4,2026,2026-09-19,PDG 2026,https://pdglive.lbl.gov/Particle.action?node=M190
charmonium,psi(4230),M074,M074,1,,0,0,1,-,-,4221.66764,2.45686851,2.45440062,,,,M074M,1,M074M,4221.7+-2.5,AC,true,exclusive decay M074.1; exclusive decay M074.10; exclusive decay M074.11; exclusive decay M074.12; exclusive decay M074.18; exclusive decay M074.2; exclusive decay M074.21; exclusive decay M074.27; exclusive decay M074.29; exclusive decay M074.3; exclusive decay M074.31; exclusive decay M074.32; exclusive decay M074.35; exclusive decay M074.36; exclusive decay M074.4; exclusive decay M074.40; exclusive decay M074.42; exclusive decay M074.45; exclusive decay M074.46; exclusive decay M074.47; exclusive decay M074.5; exclusive decay M074.51; exclusive decay M074.53; exclusive decay M074.54; exclusive decay M074.55; exclusive decay M074.56; exclusive decay M074.57; exclusive decay M074.58; exclusive decay M074.59; exclusive decay M074.6; exclusive decay M074.60; exclusive decay M074.61; exclusive decay M074.62; exclusive decay M074.63; exclusive decay M074.64; exclusive decay M074.65; exclusive decay M074.66; exclusive decay M074.67; exclusive decay M074.68; exclusive decay M074.69; exclusive decay M074.7; exclusive decay M074.71; exclusive decay M074.72; exclusive decay M074.76; exclusive decay M074.77; exclusive decay M074.80; exclusive decay M074.81; exclusive decay M074.83; exclusive decay M074.84; exclusive decay M074.9,2026,2026-09-19,PDG 2026,https://pdglive.lbl.gov/Particle.action?node=M074
charmonium,chi_c1(4274),M233,M233,1,,0,0,1,+,+,4290.24474,5.68239791,6.46108198,,,,M233M,1,M233M,4290+-6,AC,true,exclusive decay M233.1,2026,2026-09-19,PDG 2026,https://pdglive.lbl.gov/Particle.action?node=M233
charmonium,X(4350),M194,M194,1,,0,0,?,?,+,4350.6,4.65295605,5.14781507,,,,M194M,1,M194M,4351+-5,AC,true,exclusive decay M194.1; exclusive decay M194.2,2026,2026-09-19,PDG 2026,https://pdglive.lbl.gov/Particle.action?node=M194
charmonium,psi(4360),M181,M181,1,,0,0,1,-,-,4373.01626,7.026703,7.12633899,,,,M181M,1,M181M,4373+-7,AC,true,exclusive decay M181.1; exclusive decay M181.11; exclusive decay M181.13; exclusive decay M181.14; exclusive decay M181.15; exclusive decay M181.16; exclusive decay M181.17; exclusive decay M181.18; exclusive decay M181.2; exclusive decay M181.20; exclusive decay M181.21; exclusive decay M181.24; exclusive decay M181.25; exclusive decay M181.4; exclusive decay M181.5; exclusive decay M181.8,2026,2026-09-19,PDG 2026,https://pdglive.lbl.gov/Particle.action?node=M181
charmonium,psi(4415),M073,M073,1,9020443,0,0,1,-,-,4414.51313,4.52788325,4.52788325,,,,M073M,1,M073M,4415+-5,AC,true,exclusive decay M073.1; exclusive decay M073.16; exclusive decay M073.18; exclusive decay M073.19; exclusive decay M073.21; exclusive decay M073.24; exclusive decay M073.26; exclusive decay M073.28; exclusive decay M073.29; exclusive decay M073.30; exclusive decay M073.32; exclusive decay M073.35; exclusive decay M073.36; exclusive decay M073.8; exclusive decay M073.9,2026,2026-09-19,PDG 2026,https://pdglive.lbl.gov/Particle.action?node=M073
charmonium,chi_c0(4500),M234,M234,1,,0,0,0,+,+,4484.25465,12.0028201,11.9852846,,,,M234M,1,M234M,4484+-12,AC,true,exclusive decay M234.1; exclusive decay M234.2,2026,2026-09-19,PDG 2026,https://pdglive.lbl.gov/Particle.action?node=M234
charmonium,X(4630),M262,M262,1,,0,0,?,?,+,4636.14426,29.1909074,102.406426,,,,M262M,1,M262M,4636+29-100,AC,true,exclusive decay M262.1; exclusive decay M262.2,2026,2026-09-19,PDG 2026,https://pdglive.lbl.gov/Particle.action?node=M262
charmonium,psi(4660),M189,M189,1,,0,0,1,-,-,4622.53171,10.2090449,10.1279728,,,,M189M,1,M189M,4623+-10,AC,true,exclusive decay M189.1; exclusive decay M189.10; exclusive decay M189.11; exclusive decay M189.12; exclusive decay M189.16; exclusive decay M189.18; exclusive decay M189.2; exclusive decay M189.21; exclusive decay M189.23; exclusive decay M189.4; exclusive decay M189.8; exclusive decay M189.9,2026,2026-09-19,PDG 2026,https://pdglive.lbl.gov/Particle.action?node=M189
charmonium,chi_c1(4685),M261,M261,1,,0,0,1,+,+,4676.88767,13.282383,15.1449635,,,,M261M,1,M261M,4677+13-15,AC,true,exclusive decay M261.1; exclusive decay M261.2,2026,2026-09-19,PDG 2026,https://pdglive.lbl.gov/Particle.action?node=M261
charmonium,chi_c0(4700),M235,M235,1,,0,0,0,+,+,4707.50161,5.96903618,3.94085055,,,,M235M,1,M235M,4708+6-4,AC,true,exclusive decay M235.1; exclusive decay M235.2,2026,2026-09-19,PDG 2026,https://pdglive.lbl.gov/Particle.action?node=M235
bottomonium,eta_b(1S),M171,M171,1,551,0,0,0,-,+,9398.69813,2.08161015,2.00237037,,,,M171M,1,M171M,9398.7+-2.0,AC,true,exclusive decay M171.3; exclusive decay M171.5; exclusive decay M171.6,2026,2026-09-19,PDG 2026,https://pdglive.lbl.gov/Particle.action?node=M171
bottomonium,Upsilon(1S),M049,M049,1,553,0,0,1,-,-,9460.39996,0.0984298232,0.0984298232,,,,M049M,1,M049M,9460.40+-0.10,AC,true,exclusive decay M049.1; exclusive decay M049.102; exclusive decay M049.103; exclusive decay M049.111; exclusive decay M049.117; exclusive decay M049.118; exclusive decay M049.119; exclusive decay M049.13; exclusive decay M049.131; exclusive decay M049.132; exclusive decay M049.136; exclusive decay M049.137; exclusive decay M049.14; exclusive decay M049.15; exclusive decay M049.150; exclusive decay M049.151; exclusive decay M049.152; exclusive decay M049.157; exclusive decay M049.158; exclusive decay M049.159; exclusive decay M049.16; exclusive decay M049.17; exclusive decay M049.18; exclusive decay M049.19; exclusive decay M049.193; exclusive decay M049.195; exclusive decay M049.2; exclusive decay M049.23; exclusive decay M049.24; exclusive decay M049.25; exclusive decay M049.3; exclusive decay M049.54; exclusive decay M049.66; exclusive decay M049.70; exclusive decay M049.71; exclusive decay M049.72,2026,2026-09-19,PDG 2026,https://pdglive.lbl.gov/Particle.action?node=M049
bottomonium,chi_b0(1P),M076,M076,1,10551,0,0,0,+,+,9859.44,0.42,0.42,,,,M076M,1,M076M,9859.44+-0.42+-0.31,V,true,exclusive decay M076.1; exclusive decay M076.11; exclusive decay M076.12; exclusive decay M076.13; exclusive decay M076.14; exclusive decay M076.15; exclusive decay M076.16; exclusive decay M076.17; exclusive decay M076.18; exclusive decay M076.19; exclusive decay M076.3; exclusive decay M076.6; exclusive decay M076.7; exclusive decay M076.8; exclusive decay M076.9,2026,2026-09-19,PDG 2026,https://pdglive.lbl.gov/Particle.action?node=M076
bottomonium,chi_b1(1P),M077,M077,1,20553,0,0,1,+,+,9892.78,0.26,0.26,,,,M077M,1,M077M,9892.78+-0.26+-0.31,V,true,exclusive decay M077.1; exclusive decay M077.11; exclusive decay M077.12; exclusive decay M077.13; exclusive decay M077.14; exclusive decay M077.15; exclusive decay M077.16; exclusive decay M077.17; exclusive decay M077.18; exclusive decay M077.19; exclusive decay M077.3; exclusive decay M077.6; exclusive decay M077.7; exclusive decay M077.8; exclusive decay M077.9,2026,2026-09-19,PDG 2026,https://pdglive.lbl.gov/Particle.action?node=M077
bottomonium,h_b(1P),M204,M204,1,10553,0,0,1,+,-,9899.27891,0.750768961,0.750768961,,,,M204M,1,M204M,9899.3+-0.8,AC,true,exclusive decay M204.1; exclusive decay M204.2,2026,2026-09-19,PDG 2026,https://pdglive.lbl.gov/Particle.action?node=M204
bottomonium,chi_b2(1P),M078,M078,1,555,0,0,2,+,+,9912.21,0.26,0.26,,,,M078M,1,M078M,9912.21+-0.26+-0.31,V,true,exclusive decay M078.1; exclusive decay M078.11; exclusive decay M078.12; exclusive decay M078.13; exclusive decay M078.14; exclusive decay M078.15; exclusive decay M078.16; exclusive decay M078.17; exclusive decay M078.18; exclusive decay M078.19; exclusive decay M078.3; exclusive decay M078.6; exclusive decay M078.7; exclusive decay M078.8; exclusive decay M078.9,2026,2026-09-19,PDG 2026,https://pdglive.lbl.gov/Particle.action?node=M078
bottomonium,eta_b(2S),M200,M200,1,100551,0,0,0,-,+,9999,4.48218697,3.98246155,,,,M200M,1,M200M,9999+-4,AC,true,,2026,2026-09-19,PDG 2026,https://pdglive.lbl.gov/Particle.action?node=M200
bottomonium,Upsilon(2S),M052,M052,1,100553,0,0,1,-,-,10023.4,0.5,0.5,,,,M052M,1,M052M,10023.4+-0.5,AC,true,exclusive decay M052.1; exclusive decay M052.10; exclusive decay M052.102; exclusive decay M052.105; exclusive decay M052.106; exclusive decay M052.111; exclusive decay M052.127; exclusive decay M052.128; exclusive decay M052.129; exclusive decay M052.133; exclusive decay M052.134; exclusive decay M052.147; exclusive decay M052.148; exclusive decay M052.149; exclusive decay M052.154; exclusive decay M052.155; exclusive decay M052.156; exclusive decay M052.172; exclusive decay M052.177; exclusive decay M052.180; exclusive decay M052.183; exclusive decay M052.186; exclusive decay M052.2; exclusive decay M052.3; exclusive decay M052.4; exclusive decay M052.5; exclusive decay M052.6; exclusive decay M052.7; exclusive decay M052.8; exclusive decay M052.9,2026,2026-09-19,PDG 2026,https://pdglive.lbl.gov/Particle.action?node=M052
bottomonium,Upsilon_2(1D),M177,M177,1,20555,0,0,2,-,-,10163.7058,1.43860106,1.43860106,,,,M177M,1,M177M,10163.7+-1.4,AC,true,exclusive decay M177.1; exclusive decay M177.3; exclusive decay M177.4,2026,2026-09-19,PDG 2026,https://pdglive.lbl.gov/Particle.action?node=M177
bottomonium,chi_b0(2P),M079,M079,1,110551,0,0,0,+,+,10232.5,0.4,0.4,,,,M079M,1,M079M,10232.5+-0.4+-0.5,V,true,exclusive decay M079.1; exclusive decay M079.10; exclusive decay M079.12; exclusive decay M079.13; exclusive decay M079.14; exclusive decay M079.15; exclusive decay M079.16; exclusive decay M079.17; exclusive decay M079.18; exclusive decay M079.2; exclusive decay M079.4; exclusive decay M079.7; exclusive decay M079.8; exclusive decay M079.9,2026,2026-09-19,PDG 2026,https://pdglive.lbl.gov/Particle.action?node=M079
bottomonium,chi_b1(2P),M080,M080,1,120553,0,0,1,+,+,10255.46,0.22,0.22,,,,M080M,1,M080M,10255.46+-0.22+-0.50,V,true,exclusive decay M080.1; exclusive decay M080.10; exclusive decay M080.11; exclusive decay M080.12; exclusive decay M080.14; exclusive decay M080.15; exclusive decay M080.16; exclusive decay M080.17; exclusive decay M080.18; exclusive decay M080.19; exclusive decay M080.2; exclusive decay M080.3; exclusive decay M080.6; exclusive decay M080.9,2026,2026-09-19,PDG 2026,https://pdglive.lbl.gov/Particle.action?node=M080
bottomonium,h_b(2P),M205,M205,1,110553,0,0,1,+,-,10259.8,1.2083046,1.2083046,,,,M205M,1,M205M,10259.8+-1.2,AC,true,exclusive decay M205.2; exclusive decay M205.3; exclusive decay M205.4; exclusive decay M205.5; exclusive decay M205.6; exclusive decay M205.7; exclusive decay M205.8,2026,2026-09-19,PDG 2026,https://pdglive.lbl.gov/Particle.action?node=M205
bottomonium,chi_b2(2P),M081,M081,1,100555,0,0,2,+,+,10268.65,0.22,0.22,,,,M081M,1,M081M,10268.65+-0.22+-0.50,V,true,exclusive decay M081.1; exclusive decay M081.10; exclusive decay M081.11; exclusive decay M081.12; exclusive decay M081.14; exclusive decay M081.15; exclusive decay M081.16; exclusive decay M081.17; exclusive decay M081.18; exclusive decay M081.19; exclusive decay M081.2; exclusive decay M081.3; exclusive decay M081.6; exclusive decay M081.9,2026,2026-09-19,PDG 2026,https://pdglive.lbl.gov/Particle.action?node=M081
bottomonium,Upsilon(3S),M048,M048,1,200553,0,0,1,-,-,10355.1,0.5,0.5,,,,M048M,1,M048M,10355.1+-0.5,AC,true,exclusive decay M048.1; exclusive decay M048.10; exclusive decay M048.103; exclusive decay M048.104; exclusive decay M048.106; exclusive decay M048.107; exclusive decay M048.109; exclusive decay M048.11; exclusive decay M048.110; exclusive decay M048.112; exclusive decay M048.114; exclusive decay M048.12; exclusive decay M048.13; exclusive decay M048.14; exclusive decay M048.15; exclusive decay M048.16; exclusive decay M048.2; exclusive decay M048.3; exclusive decay M048.4; exclusive decay M048.5; exclusive decay M048.6; exclusive decay M048.7; exclusive decay M048.9,2026,2026-09-19,PDG 2026,https://pdglive.lbl.gov/Particle.action?node=M048
bottomonium,chi_b1(3P),M206,M206,1,220553,0,0,1,+,+,10513.42,0.670074623,0.670074623,,,,M206M,1,M206M,10513.4+-0.7,AC,true,exclusive decay M206.1; exclusive decay M206.2; exclusive decay M206.3,2026,2026-09-19,PDG 2026,https://pdglive.lbl.gov/Particle.action?node=M206
bottomonium,chi_b2(3P),M238,M238,1,200555,0,0,2,+,+,10524.02,0.778331549,0.778331549,,,,M238M,1,M238M,10524.0+-0.8,AC,true,exclusive decay M238.1,2026,2026-09-19,PDG 2026,https://pdglive.lbl.gov/Particle.action?node=M238
bottomonium,Upsilon(4S),M047,M047,1,300553,0,0,1,-,-,10579.3809,1.18960601,1.18960601,,,,M047M,1,M047M,10579.4+-1.2,AC,true,exclusive decay M047.1; exclusive decay M047.10; exclusive decay M047.11; exclusive decay M047.13; exclusive decay M047.17; exclusive decay M047.21; exclusive decay M047.22; exclusive decay M047.23; exclusive decay M047.27; exclusive decay M047.7; exclusive decay M047.9,2026,2026-09-19,PDG 2026,https://pdglive.lbl.gov/Particle.action?node=M047
bottomonium,Upsilon(10753),M243,M243,1,,0,?,1,-,-,10756.6,2.84604989,2.84604989,,,,M243M,1,M243M,10756.6+-2.8,AC,true,exclusive decay M243.2; exclusive decay M243.3; exclusive decay M243.4; exclusive decay M243.5; exclusive decay M243.6; exclusive decay M243.7,2026,2026-09-19,PDG 2026,https://pdglive.lbl.gov/Particle.action?node=M243
bottomonium,Upsilon(10860),M092,M092,1,9000553,0,0,1,-,-,10885.2219,2.56584712,1.56861014,,,,M092M,1,M092M,10885.2+2.6-1.6,AC,true,exclusive decay M092.1; exclusive decay M092.17; exclusive decay M092.18; exclusive decay M092.19; exclusive decay M092.20; exclusive decay M092.26; exclusive decay M092.27; exclusive decay M092.29; exclusive decay M092.30; exclusive decay M092.31; exclusive decay M092.33; exclusive decay M092.34; exclusive decay M092.36; exclusive decay M092.37; exclusive decay M092.42; exclusive decay M092.43; exclusive decay M092.44; exclusive decay M092.46,2026,2026-09-19,PDG 2026,https://pdglive.lbl.gov/Particle.action?node=M092
bottomonium,Upsilon(11020),M093,M093,1,9010553,0,0,1,-,-,10999.87,4.02342816,4.02423074,,,,M093M,1,M093M,11000+-4,AC,true,exclusive decay M093.1; exclusive decay M093.3; exclusive decay M093.4; exclusive decay M093.5; exclusive decay M093.6; exclusive decay M093.7,2026,2026-09-19,PDG 2026,https://pdglive.lbl.gov/Particle.action?node=M093
Bs,B_s0^*(5700)0,LHCB2026-BS0,LHCB2026-BS0,1,,0,0,0,+,,5698.9,1.61864141,1.61864141,1.5,0.6,0.1,LHCB2026-BS0-M,1,LHCB2026-BS0-M,5698.9 +- 1.5 (stat) +- 0.6 (syst) +- 0.1 (ext),PRELIMINARY,true,LHCb observation above 7 sigma; B_s0^*(5700)^0 -> B_s^0 pi^0,pre-publication,2026-09-19,LHCb ICHEP 2026 preliminary,https://lhcb-outreach.web.cern.ch/2026/08/01/discovery-of-a-beauty-strange-particle-with-unexpected-properties/
